
> smarter-poker-game-server@1.0.0 start
> node --env-file=.env dist/index.js

[HTTP] Health check server listening on port 8080
═══════════════════════════════════════════════════════════════
 SMARTER POKER GAME SERVER — Starting...
 All game logic runs HERE — no browser needed
═══════════════════════════════════════════════════════════════
[GameServer] Cleaning up stale data from previous runs...
[GameServer] Reset stuck horses to available
[GameServer] Deleted all table seats
[GameServer] Reset all cash table player counts
[GameServer] Cancelled stale RUNNING tournaments
[GameServer] Stale data cleanup complete
[HorseFleet] Starting fleet manager...
[HorseFleet] Ensuring 34 cash tables exist...
[HorseFleet] Created table: NLH Micro 0.10/0.20
[HorseFleet] Created table: NLH 0.50/1.00
[HorseFleet] Created table: NLH 1.00/2.00
[HorseFleet] Created table: NLH 2.00/4.00
[HorseFleet] Created table: NLH 2.00/5.00
[HorseFleet] Created table: NLH 10.00/25.00
[HorseFleet] Created table: NLH 6-Max 0.25/0.50
[HorseFleet] Created table: NLH 6-Max 0.50/1.00
[HorseFleet] Created table: PLO4 0.10/0.20
[HorseFleet] Created table: PLO4 0.25/0.50
[HorseFleet] Created table: PLO4 0.50/1.00
[HorseFleet] Created table: PLO4 1.00/2.00
[HorseFleet] Created table: PLO4 2.00/5.00
[HorseFleet] Created table: PLO4 5.00/10.00
[HorseFleet] Created table: PLO5 0.25/0.50
[HorseFleet] Created table: PLO5 0.50/1.00
[HorseFleet] Created table: PLO5 1.00/2.00
[HorseFleet] Created table: PLO5 2.00/5.00
[HorseFleet] Created table: PLO8 0.25/0.50
[HorseFleet] Created table: PLO8 0.50/1.00
[HorseFleet] Created table: PLO8 1.00/2.00
[HorseFleet] Created table: PLO8 2.00/5.00
[HorseFleet] Created table: Pineapple 0.25/0.50
[HorseFleet] Created table: Pineapple 0.50/1.00
[HorseFleet] Created table: Pineapple 1.00/2.00
[HorseFleet] Created table: Short Deck 0.50/1.00
[HorseFleet] Created table: Short Deck 1.00/2.00
[HorseFleet] Created table: Bomb Pot NLH 0.25/0.50
[HorseFleet] Created table: Bomb Pot PLO4 0.50/1.00
[HorseFleet] Running — seeding in background, checking every 30s
[TournamentRecurring] Service started — MTTs every 5 min, SNGs every 15 min, Spins every 10 min, XMTTs every 5 min
[Lifecycle] Starting monitoring (interval: 60000ms)
[AutoRebuyService] Service started — wallet check every 30s
[GameServer] Synchronized break scheduled in 30 minutes (top of next hour)
[GameServer] Running. All services started.
[GameServer] Starting tournament: 5 Chip Turbo SNG 6-Max NLH (full (6/6))
[Tournament:51cb15fe] Starting...
[GameServer] Starting tournament: 10 Chip SNG 9-Max NLH (7 players)
[Tournament:679dde01] Starting...
[GameServer] Starting tournament: 25 Chip SNG 6-Max NLH (full (6/6))
[Tournament:80cd8c27] Starting...
[GameServer] Starting tournament: 5 Chip Turbo SNG 6-Max PLO4 (4 players)
[Tournament:5478f76a] Starting...
[GameServer] Starting tournament: 10 Chip SNG 6-Max PLO4 (full (6/6))
[Tournament:5f6dafd8] Starting...
[GameServer] Starting tournament: 10 Chip SNG 6-Max PLO5 (full (6/6))
[Tournament:538af9ff] Starting...
[GameServer] Starting tournament: 5 Chip SNG 9-Max PLO8 (5 players)
[Tournament:9b6a2390] Starting...
[GameServer] Starting tournament: 5 Chip SNG 6-Max Pineapple (full (6/6))
[Tournament:a103bac1] Starting...
[GameServer] Starting tournament: 1 Chip Spin NLH (2x) (full (3/3))
[Tournament:77727c10] Starting...
[GameServer] Starting tournament: 3 Chip Spin NLH (2x) (full (3/3))
[Tournament:e0dde867] Starting...
[GameServer] Starting tournament: 5 Chip Spin NLH (2x) (full (3/3))
[Tournament:942fef03] Starting...
[GameServer] Starting tournament: 10 Chip Spin NLH (5x) (full (3/3))
[Tournament:c862077c] Starting...
[GameServer] Starting tournament: 3 Chip Spin PLO4 (3x) (full (3/3))
[Tournament:0386c42d] Starting...
[GameServer] Starting tournament: 5 Chip Spin PLO4 (2x) (full (3/3))
[Tournament:ac73bdaa] Starting...
[GameServer] Starting tournament: 3 Chip Spin PLO5 (2x) (full (3/3))
[Tournament:85e95395] Starting...
[GameServer] Starting tournament: 3 Chip Spin PLO8 (3x) (full (3/3))
[Tournament:b6701198] Starting...
[GameServer] Starting tournament: 3 Chip Spin Pineapple (2x) (full (3/3))
[Tournament:f161850d] Starting...
[GameServer] Starting tournament: Daily Freeroll — NLH (8 players)
[Tournament:01f3c523] Starting...
[GameServer] Starting tournament: 5 Chip Turbo SNG 6-Max NLH (full (6/6))
[Tournament:a148ecb6] Starting...
[GameServer] Starting tournament: 10 Chip SNG 9-Max NLH (full (9/9))
[Tournament:160c08ae] Starting...
[GameServer] Starting tournament: 25 Chip SNG 6-Max NLH (full (6/6))
[Tournament:d2120edd] Starting...
[GameServer] Starting tournament: 5 Chip Turbo SNG 6-Max PLO4 (full (6/6))
[Tournament:52a0b5bd] Starting...
[GameServer] Starting tournament: 10 Chip SNG 6-Max PLO4 (full (6/6))
[Tournament:28cfed64] Starting...
[GameServer] Starting tournament: 10 Chip SNG 6-Max PLO5 (full (6/6))
[Tournament:ca197763] Starting...
[GameServer] Starting tournament: 5 Chip SNG 9-Max PLO8 (full (9/9))
[Tournament:4ba68a6d] Starting...
[GameServer] Starting tournament: 5 Chip SNG 6-Max Pineapple (full (6/6))
[Tournament:1698d392] Starting...
[GameServer] Starting tournament: 1 Chip Spin NLH (5x) (full (3/3))
[Tournament:15086bf1] Starting...
[GameServer] Starting tournament: 3 Chip Spin NLH (2x) (full (3/3))
[Tournament:e63e3a5f] Starting...
[GameServer] Starting tournament: 5 Chip Spin NLH (2x) (full (3/3))
[Tournament:83c4ca6f] Starting...
[GameServer] Starting tournament: 10 Chip Spin NLH (2x) (full (3/3))
[Tournament:ff9c4323] Starting...
[GameServer] Starting tournament: 3 Chip Spin PLO4 (2x) (full (3/3))
[Tournament:f03b96fe] Starting...
[GameServer] Starting tournament: 5 Chip Spin PLO4 (2x) (full (3/3))
[Tournament:c5733a7d] Starting...
[GameServer] Starting tournament: 3 Chip Spin PLO5 (3x) (full (3/3))
[Tournament:680a2000] Starting...
[GameServer] Starting tournament: 3 Chip Spin PLO8 (2x) (full (3/3))
[Tournament:4206ef95] Starting...
[GameServer] Starting tournament: 3 Chip Spin Pineapple (2x) (full (3/3))
[Tournament:1758f0ea] Starting...
[GameServer] Starting tournament: Daily Freeroll — NLH (9 players)
[Tournament:a748c4f9] Starting...
[GameServer] Starting tournament: 5 Chip Turbo SNG 6-Max NLH (full (6/6))
[Tournament:96667661] Starting...
[GameServer] Starting tournament: 10 Chip SNG 9-Max NLH (7 players)
[Tournament:7e5afc85] Starting...
[GameServer] Starting tournament: 25 Chip SNG 6-Max NLH (full (6/6))
[Tournament:03d79b77] Starting...
[GameServer] Starting tournament: 5 Chip Turbo SNG 6-Max PLO4 (3 players)
[Tournament:fec7f496] Starting...
[GameServer] Starting tournament: 10 Chip SNG 6-Max PLO4 (full (6/6))
[Tournament:832a73ce] Starting...
[GameServer] Starting tournament: 10 Chip SNG 6-Max PLO5 (full (6/6))
[Tournament:03a9d6f4] Starting...
[GameServer] Starting tournament: 5 Chip SNG 9-Max PLO8 (8 players)
[Tournament:527748a2] Starting...
[GameServer] Starting tournament: 5 Chip SNG 6-Max Pineapple (full (6/6))
[Tournament:2742e1ab] Starting...
[GameServer] Starting tournament: 1 Chip Spin NLH (2x) (full (3/3))
[Tournament:a97870dc] Starting...
[GameServer] Starting tournament: 3 Chip Spin NLH (2x) (full (3/3))
[Tournament:74364677] Starting...
[GameServer] Starting tournament: 5 Chip Spin NLH (2x) (full (3/3))
[Tournament:ef486369] Starting...
[GameServer] Starting tournament: 10 Chip Spin NLH (2x) (full (3/3))
[Tournament:bf725ac7] Starting...
[GameServer] Starting tournament: 3 Chip Spin PLO4 (2x) (full (3/3))
[Tournament:68152b1e] Starting...
[GameServer] Starting tournament: 5 Chip Spin PLO4 (2x) (full (3/3))
[Tournament:e35e2c25] Starting...
[GameServer] Starting tournament: 3 Chip Spin PLO5 (2x) (full (3/3))
[Tournament:a66e24f4] Starting...
[GameServer] Starting tournament: 3 Chip Spin PLO8 (2x) (full (3/3))
[Tournament:2dbdd6eb] Starting...
[GameServer] Cancelling tournament: 3 Chip Spin Pineapple (2x) — only 2/3 players after 30min
[HorseFleet] Seeding cycle: 34 tables found, 355 total horses.
[Tournament:b6701198] Spin multiplier was missing — rolled 2x as fallback
[Tournament:c862077c] Spin multiplier was missing — rolled 2x as fallback
[Tournament:77727c10] Spin multiplier was missing — rolled 2x as fallback
[Tournament:e0dde867] Spin multiplier was missing — rolled 2x as fallback
[Tournament:4206ef95] Spin multiplier was missing — rolled 2x as fallback
[Tournament:83c4ca6f] Spin multiplier was missing — rolled 2x as fallback
[Tournament:c5733a7d] Spin multiplier was missing — rolled 2x as fallback
[Tournament:0386c42d] Spin multiplier was missing — rolled 2x as fallback
[Tournament:e35e2c25] Spin multiplier was missing — rolled 2x as fallback
[Tournament:68152b1e] Spin multiplier was missing — rolled 2x as fallback
[Tournament:a66e24f4] Spin multiplier was missing — rolled 2x as fallback
[Tournament:2dbdd6eb] Spin multiplier was missing — rolled 2x as fallback
[Tournament:b6701198] SPIN MULTIPLIER: 2x — Prize Pool: 6
[Tournament:74364677] Spin multiplier was missing — rolled 2x as fallback
[Tournament:c862077c] SPIN MULTIPLIER: 2x — Prize Pool: 20
[Tournament:ef486369] Spin multiplier was missing — rolled 2x as fallback
[Tournament:a97870dc] Spin multiplier was missing — rolled 2x as fallback
[Tournament:680a2000] Spin multiplier was missing — rolled 10x as fallback
[Tournament:77727c10] SPIN MULTIPLIER: 2x — Prize Pool: 2
[Tournament:942fef03] Spin multiplier was missing — rolled 2x as fallback
[Tournament:f161850d] Spin multiplier was missing — rolled 2x as fallback
[Tournament:f03b96fe] Spin multiplier was missing — rolled 2x as fallback
[Tournament:68152b1e] SPIN MULTIPLIER: 2x — Prize Pool: 6
[Tournament:83c4ca6f] SPIN MULTIPLIER: 2x — Prize Pool: 10
[Tournament:bf725ac7] Spin multiplier was missing — rolled 2x as fallback
[Tournament:e0dde867] SPIN MULTIPLIER: 2x — Prize Pool: 6
[Tournament:1758f0ea] Spin multiplier was missing — rolled 2x as fallback
[Tournament:ef486369] SPIN MULTIPLIER: 2x — Prize Pool: 10
[Tournament:4206ef95] SPIN MULTIPLIER: 2x — Prize Pool: 6
[Tournament:c5733a7d] SPIN MULTIPLIER: 2x — Prize Pool: 10
[Tournament:2dbdd6eb] SPIN MULTIPLIER: 2x — Prize Pool: 6
[Tournament:e63e3a5f] Spin multiplier was missing — rolled 2x as fallback
[Tournament:e35e2c25] SPIN MULTIPLIER: 2x — Prize Pool: 10
[Tournament:85e95395] Spin multiplier was missing — rolled 2x as fallback
[Tournament:a66e24f4] SPIN MULTIPLIER: 2x — Prize Pool: 6
[Tournament:942fef03] SPIN MULTIPLIER: 2x — Prize Pool: 10
[Tournament:74364677] SPIN MULTIPLIER: 2x — Prize Pool: 6
[Tournament:0386c42d] SPIN MULTIPLIER: 2x — Prize Pool: 6
[Tournament:15086bf1] Spin multiplier was missing — rolled 2x as fallback
[Tournament:ac73bdaa] Spin multiplier was missing — rolled 2x as fallback
[Tournament:ff9c4323] Spin multiplier was missing — rolled 2x as fallback
[Tournament:1758f0ea] SPIN MULTIPLIER: 2x — Prize Pool: 6
[Tournament:a97870dc] SPIN MULTIPLIER: 2x — Prize Pool: 2
[Tournament:f161850d] SPIN MULTIPLIER: 2x — Prize Pool: 6
[Tournament:bf725ac7] SPIN MULTIPLIER: 2x — Prize Pool: 20
[Tournament:680a2000] SPIN MULTIPLIER: 10x — Prize Pool: 30
[ServerTableEngine] Created for table 63d18de5-548b-4493-b593-9e0c4159c22f
[Tournament:f03b96fe] SPIN MULTIPLIER: 2x — Prize Pool: 6
[Tournament:e63e3a5f] SPIN MULTIPLIER: 2x — Prize Pool: 6
[Tournament:85e95395] SPIN MULTIPLIER: 2x — Prize Pool: 6
[Tournament:ff9c4323] SPIN MULTIPLIER: 2x — Prize Pool: 20
[Tournament:ac73bdaa] SPIN MULTIPLIER: 2x — Prize Pool: 10
[ServerTableEngine] Created for table 47cbe4e3-128c-4765-80ad-592ab11336fa
[ServerTableEngine] Created for table f39b1814-ea8f-488f-9c89-530da6349819
[ServerTableEngine] Created for table 24ebb8d0-7fe0-4fe6-9e53-e39d4841ce88
[ServerTableEngine] Created for table 64bbd57b-9e90-4324-91c2-39ccea72361b
[AutoRebuyService] Failed to refill wallet for BetSizeMatters: new row for relation "wallet_transactions" violates check constraint "wallet_transactions_category_check"
[ServerTableEngine] Created for table a0f9fbcd-98b4-41df-ab03-a6171d4d78ac
[ServerTableEngine] Created for table efcb6978-2d83-4f39-841d-67963a92cca5
[ServerTableEngine] Created for table 8fd6f328-65ef-4d19-9dc2-609dd7afbede
[ServerTableEngine] Created for table 6589a0f7-5445-4dc9-a80e-71905059f8e9
[ServerTableEngine] Created for table 2f24286b-104e-4044-81b2-59ae7ed96be8
[Tournament:15086bf1] SPIN MULTIPLIER: 2x — Prize Pool: 2
[ServerTableEngine] Created for table 1217032c-8eba-4817-a27d-cc9ac9d03ee4
[ServerTableEngine] Created for table decfe5d6-ebad-42c8-9a59-cb2f8d3c5447
[ServerTableEngine] Created for table ee7482b5-cd40-4713-81c2-5300110a394c
[ServerTableEngine] Created for table adbca704-4ca8-461f-ab82-630bb2cdd00a
[ServerTableEngine] Created for table 17197dc1-6a53-44d3-bb40-5ec178b0ff0a
[ServerTableEngine] Created for table 68ec1a91-be42-4f69-b96c-b53863ba8fe1
[ServerTableEngine] Created for table dde7b281-e271-4814-b826-0e28a8c9f066
[ServerTableEngine] Created for table 4d1a5c8b-f400-4786-a06a-8cd499eaf53b
[ServerTableEngine] Created for table 1a0e3517-3ba1-4516-ab61-dc9cfffe53f4
[ServerTableEngine] Created for table 0a9d4545-8601-4a1c-a44b-77d422020ccf
[ServerTableEngine] Created for table a9de207b-7f9f-44ad-95c9-9969ab4a772a
[ServerTableEngine] Created for table b551c3e2-f960-4d05-950a-15f7d7a1459a
[ServerTableEngine] Created for table f745dee7-4ab2-4333-9e73-03f4a3b125df
[ServerTableEngine] Created for table b156cf3a-524c-4c6d-b879-613ade1e6c04
[ServerTableEngine] Created for table 78241b26-ae6d-40f2-8d32-c777846ff975
[ServerTableEngine] Created for table a8eaa976-fb15-46f2-8607-c323352e4e64
[ServerTableEngine] Created for table cbdc4179-63e5-456d-b58d-5d9b753805c5
[ServerTableEngine] Created for table b7204285-0961-400f-863c-bb3124cd493a
[AutoRebuyService] Failed to refill wallet for BigSlick Mike: new row for relation "wallet_transactions" violates check constraint "wallet_transactions_category_check"
[ServerTableEngine] Created for table 710990dc-79b1-4ced-a813-4caea926540a
[ServerTableEngine] Created for table d4c87624-c4f3-441f-8c4d-2be56a25bf20
[ServerTableEngine] Created for table 61b67633-d7f5-4ebe-9f8e-906b03880845
[ServerTableEngine] Created for table 58ddfc43-97a9-4e19-91bb-f5b4c0c2d688
[ServerTableEngine] Created for table 44522b9b-2ce8-498c-aab4-7b60a0b7e05e
[ServerTableEngine] Created for table 64450dbd-5849-4559-8b8c-9bb4ceb3a82f
[ServerTableEngine] Created for table 7a69999d-c748-46d7-8f53-166656497121
[ServerTableEngine] Created for table 05b8c9b0-000b-41f7-a2b5-c0e55f26f674
[ServerTableEngine] Created for table bbdba032-1cde-4a9d-b136-93ff07076b17
[ServerTableEngine] Created for table 581087a7-a06a-4c3f-9dff-ea6cea988f40
[ServerTableEngine] Created for table 8f35a024-0ccd-4f33-aaef-60cc96c9021c
[ServerTableEngine] Created for table d12ba23c-6ec8-40e3-ba7f-803135494d21
[ServerTableEngine] Created for table 51acdf13-3161-4110-81f0-7e4b693c698c
[ServerTableEngine] Created for table 4c1f3c83-e365-4211-bca1-0db75b49380c
[ServerTableEngine] Created for table 52063ae9-a7b3-463f-a317-d6f2c121b0eb
[AutoRebuyService] Failed to refill wallet for BlindSteal Brad: new row for relation "wallet_transactions" violates check constraint "wallet_transactions_category_check"
[ServerTableEngine] Created for table 88e94483-d71a-4c7f-9f98-4f1c24d2bc2f
[ServerTableEngine] Created for table c413409f-10a9-4505-a872-3d018df77da8
[ServerTableEngine] Created for table b2d101d2-b5f7-4f68-8bed-7441648d864a
[ServerTableEngine] Created for table 860ac501-c973-41aa-8418-f78b62ca4fac
[GameServer] Starting tournament: Daily Freeroll — NLH (11 players)
[Tournament:7b7676c0] Starting...
[GameServer] Starting tournament: 5 Chip Turbo SNG 6-Max NLH (full (6/6))
[Tournament:12509ab9] Starting...
[GameServer] Starting tournament: 10 Chip SNG 9-Max NLH (6 players)
[Tournament:7b836edb] Starting...
[GameServer] Starting tournament: 25 Chip SNG 6-Max NLH (full (6/6))
[Tournament:c29788ec] Starting...
[GameServer] Starting tournament: 5 Chip Turbo SNG 6-Max PLO4 (full (6/6))
[Tournament:019d5f81] Starting...
[GameServer] Starting tournament: 10 Chip SNG 6-Max PLO4 (full (6/6))
[Tournament:e92f90ee] Starting...
[GameServer] Starting tournament: 10 Chip SNG 6-Max PLO5 (full (6/6))
[Tournament:93d26aa3] Starting...
[GameServer] Starting tournament: 5 Chip SNG 9-Max PLO8 (full (9/9))
[Tournament:040d8414] Starting...
[GameServer] Starting tournament: 5 Chip SNG 6-Max Pineapple (full (6/6))
[Tournament:ccd32499] Starting...
[GameServer] Starting tournament: 1 Chip Spin NLH (2x) (full (3/3))
[Tournament:0f315a93] Starting...
[GameServer] Starting tournament: 3 Chip Spin NLH (2x) (full (3/3))
[Tournament:04245760] Starting...
[GameServer] Cancelling tournament: 5 Chip Spin NLH (2x) — only 2/3 players after 30min
[ServerTableEngine] Created for table adebc6f8-6ac7-4718-a9e6-764f43e4d0a0
[ServerTableEngine] Created for table e735c902-25c3-47f7-b44c-a7aff956a299
[ServerTableEngine] Created for table 5cc6aa08-8c8d-4389-b0f6-9a01f6aa4264
[AutoRebuyService] Failed to refill wallet for BluffCatcher: new row for relation "wallet_transactions" violates check constraint "wallet_transactions_category_check"
[ServerTableEngine] Created for table ae2a39ce-d3fc-44b2-9dfc-cf80ea747a52
[ServerTableEngine] Created for table 045104eb-5ff3-4557-9926-873c01006bb3
[AutoRebuyService] Failed to refill wallet for BoardTexture: new row for relation "wallet_transactions" violates check constraint "wallet_transactions_category_check"
[Tournament:04245760] Spin multiplier was missing — rolled 2x as fallback
[Tournament:0f315a93] Spin multiplier was missing — rolled 2x as fallback
[AutoRebuyService] Failed to refill wallet for BrickCity: new row for relation "wallet_transactions" violates check constraint "wallet_transactions_category_check"
[Tournament:04245760] SPIN MULTIPLIER: 2x — Prize Pool: 6
[Tournament:0f315a93] SPIN MULTIPLIER: 2x — Prize Pool: 2
[ServerTableEngine:64bbd57b-9e90-4324-91c2-39ccea72361b] Starting...
[Tournament:c862077c] RUNNING — 1 tables
[ServerTableEngine:ee7482b5-cd40-4713-81c2-5300110a394c] Starting...
[Tournament:c5733a7d] RUNNING — 1 tables
[ServerTableEngine:b156cf3a-524c-4c6d-b879-613ade1e6c04] Starting...
[Tournament:77727c10] RUNNING — 1 tables
[ServerTableEngine:61b67633-d7f5-4ebe-9f8e-906b03880845] Starting...
[Tournament:bf725ac7] RUNNING — 1 tables
[ServerTableEngine:2f24286b-104e-4044-81b2-59ae7ed96be8] Starting...
[Tournament:b6701198] RUNNING — 1 tables
[AutoRebuyService] Failed to refill wallet for BroadwayKing: new row for relation "wallet_transactions" violates check constraint "wallet_transactions_category_check"
[ServerTableEngine:78241b26-ae6d-40f2-8d32-c777846ff975] Starting...
[Tournament:68152b1e] RUNNING — 1 tables
[ServerTableEngine:64450dbd-5849-4559-8b8c-9bb4ceb3a82f] Starting...
[Tournament:a97870dc] RUNNING — 1 tables
[ServerTableEngine:581087a7-a06a-4c3f-9dff-ea6cea988f40] Starting...
[Tournament:1758f0ea] RUNNING — 1 tables
[ServerTableEngine:8f35a024-0ccd-4f33-aaef-60cc96c9021c] Starting...
[Tournament:680a2000] RUNNING — 1 tables
[ServerTableEngine:4c1f3c83-e365-4211-bca1-0db75b49380c] Starting...
[Tournament:2dbdd6eb] RUNNING — 1 tables
[ServerTableEngine:51acdf13-3161-4110-81f0-7e4b693c698c] Starting...
[Tournament:e0dde867] RUNNING — 1 tables
[ServerTableEngine] Created for table ced295ae-cc48-4794-9bb7-77cd7ed8603d
[ServerTableEngine] Created for table d09ff603-6be6-4660-98c2-214911cfdd23
[ServerTableEngine:d12ba23c-6ec8-40e3-ba7f-803135494d21] Starting...
[Tournament:4206ef95] RUNNING — 1 tables
[ServerTableEngine:c413409f-10a9-4505-a872-3d018df77da8] Starting...
[Tournament:85e95395] RUNNING — 1 tables
[ServerTableEngine:a8eaa976-fb15-46f2-8607-c323352e4e64] Starting...
[Tournament:fec7f496] RUNNING — 1 tables
[ServerTableEngine:7a69999d-c748-46d7-8f53-166656497121] Starting...
[Tournament:f161850d] RUNNING — 1 tables
[TournamentRecurring] Launched: "Mid-Morning Turbo (6-Max NLH)" (12 horses)
[ServerTableEngine:58ddfc43-97a9-4e19-91bb-f5b4c0c2d688] Starting...
[Tournament:83c4ca6f] RUNNING — 1 tables
[ServerTableEngine:63d18de5-548b-4493-b593-9e0c4159c22f] Starting...
[Tournament:538af9ff] RUNNING — 1 tables
[ServerTableEngine:f745dee7-4ab2-4333-9e73-03f4a3b125df] Starting...
[Tournament:5478f76a] RUNNING — 1 tables
[ServerTableEngine] Created for table f1aa4f50-e7f0-4198-a1d5-1ce9a61f6e78
[ServerTableEngine:6589a0f7-5445-4dc9-a80e-71905059f8e9] Starting...
[Tournament:2742e1ab] RUNNING — 1 tables
[ServerTableEngine] Created for table 7870a117-b0a9-477c-bac5-e5823acee221
[ServerTableEngine] Created for table c1d2ed40-1b47-41b1-9f66-edd02af17d92
[ServerTableEngine] Created for table c9987459-ed73-415a-8b28-c899d12fd741
[ServerTableEngine] Created for table 8dea3470-e60e-47a7-b053-b41474bb85b4
[ServerTableEngine] Created for table d99ec78b-249a-4320-b73a-e9f5b07d87e0
[ServerTableEngine:045104eb-5ff3-4557-9926-873c01006bb3] Starting...
[Tournament:ff9c4323] RUNNING — 1 tables
[ServerTableEngine:f39b1814-ea8f-488f-9c89-530da6349819] Starting...
[Tournament:1698d392] RUNNING — 1 tables
[ServerTableEngine:0a9d4545-8601-4a1c-a44b-77d422020ccf] Starting...
[Tournament:96667661] RUNNING — 1 tables
[ServerTableEngine:88e94483-d71a-4c7f-9f98-4f1c24d2bc2f] Starting...
[Tournament:942fef03] RUNNING — 1 tables
[ServerTableEngine:e735c902-25c3-47f7-b44c-a7aff956a299] Starting...
[Tournament:0386c42d] RUNNING — 1 tables
[ServerTableEngine:ae2a39ce-d3fc-44b2-9dfc-cf80ea747a52] Starting...
[Tournament:74364677] RUNNING — 1 tables
[ServerTableEngine:05b8c9b0-000b-41f7-a2b5-c0e55f26f674] Starting...
[Tournament:f03b96fe] RUNNING — 1 tables
[ServerTableEngine:860ac501-c973-41aa-8418-f78b62ca4fac] Starting...
[Tournament:ac73bdaa] RUNNING — 1 tables
[ServerTableEngine:1217032c-8eba-4817-a27d-cc9ac9d03ee4] Starting...
[Tournament:a148ecb6] RUNNING — 1 tables
[AutoRebuyService] Failed to refill wallet for BulletProof: new row for relation "wallet_transactions" violates check constraint "wallet_transactions_category_check"
[ServerTableEngine] Created for table 9d4ed068-329b-4dd0-be28-3f7f81476cfb
[ServerTableEngine:adbca704-4ca8-461f-ab82-630bb2cdd00a] Starting...
[Tournament:5f6dafd8] RUNNING — 1 tables
[ServerTableEngine:8fd6f328-65ef-4d19-9dc2-609dd7afbede] Starting...
[Tournament:a103bac1] RUNNING — 1 tables
[ServerTableEngine:710990dc-79b1-4ced-a813-4caea926540a] Starting...
[Tournament:28cfed64] RUNNING — 1 tables
[ServerTableEngine:24ebb8d0-7fe0-4fe6-9e53-e39d4841ce88] Starting...
[Tournament:679dde01] RUNNING — 1 tables
[ServerTableEngine:44522b9b-2ce8-498c-aab4-7b60a0b7e05e] Starting...
[Tournament:e35e2c25] RUNNING — 1 tables
[ServerTableEngine] Created for table 4000c485-fb76-45e7-9286-983c547c3cd7
[ServerTableEngine] Created for table fb2ff9b6-becc-4135-b2e3-871b78dad999
[ServerTableEngine] Created for table 4ffddf60-ae34-443b-a5d0-d1c97a801c3e
[ServerTableEngine:bbdba032-1cde-4a9d-b136-93ff07076b17] Starting...
[Tournament:ef486369] RUNNING — 1 tables
[ServerTableEngine:adebc6f8-6ac7-4718-a9e6-764f43e4d0a0] Starting...
[Tournament:a66e24f4] RUNNING — 1 tables
[ServerTableEngine:4d1a5c8b-f400-4786-a06a-8cd499eaf53b] Starting...
[Tournament:832a73ce] RUNNING — 1 tables
[ServerTableEngine:b2d101d2-b5f7-4f68-8bed-7441648d864a] Starting...
[Tournament:e63e3a5f] RUNNING — 1 tables
[ServerTableEngine:efcb6978-2d83-4f39-841d-67963a92cca5] Starting...
[Tournament:52a0b5bd] RUNNING — 1 tables
[ServerTableEngine:5cc6aa08-8c8d-4389-b0f6-9a01f6aa4264] Starting...
[Tournament:15086bf1] RUNNING — 1 tables
[ServerTableEngine:47cbe4e3-128c-4765-80ad-592ab11336fa] Starting...
[Tournament:51cb15fe] RUNNING — 1 tables
[ServerTableEngine:b551c3e2-f960-4d05-950a-15f7d7a1459a] Starting...
[Tournament:80cd8c27] RUNNING — 1 tables
[ServerTableEngine:68ec1a91-be42-4f69-b96c-b53863ba8fe1] Starting...
[Tournament:9b6a2390] RUNNING — 1 tables
[AutoRebuyService] Failed to refill wallet for ButtonClicker: new row for relation "wallet_transactions" violates check constraint "wallet_transactions_category_check"
[ServerTableEngine:17197dc1-6a53-44d3-bb40-5ec178b0ff0a] Starting...
[Tournament:4ba68a6d] RUNNING — 1 tables
[ServerTableEngine:a0f9fbcd-98b4-41df-ab03-a6171d4d78ac] Starting...
[Tournament:03d79b77] RUNNING — 1 tables
[ServerTableEngine:decfe5d6-ebad-42c8-9a59-cb2f8d3c5447] Starting...
[Tournament:03a9d6f4] RUNNING — 1 tables
[ServerTableEngine:52063ae9-a7b3-463f-a317-d6f2c121b0eb] Starting...
[Tournament:7e5afc85] RUNNING — 1 tables
[ServerTableEngine:1a0e3517-3ba1-4516-ab61-dc9cfffe53f4] Starting...
[Tournament:01f3c523] RUNNING — 1 tables
[AutoRebuyService] Failed to refill wallet for CallStation Cal: new row for relation "wallet_transactions" violates check constraint "wallet_transactions_category_check"
[ServerTableEngine:b156cf3a-524c-4c6d-b879-613ade1e6c04] Hand #1 — 3 players
Realtime send() is automatically falling back to REST API. This behavior will be deprecated in the future. Please use httpSend() explicitly for REST delivery.
Realtime send() is automatically falling back to REST API. This behavior will be deprecated in the future. Please use httpSend() explicitly for REST delivery.
[ServerTableEngine:61b67633-d7f5-4ebe-9f8e-906b03880845] Hand #1 — 3 players
Realtime send() is automatically falling back to REST API. This behavior will be deprecated in the future. Please use httpSend() explicitly for REST delivery.
Realtime send() is automatically falling back to REST API. This behavior will be deprecated in the future. Please use httpSend() explicitly for REST delivery.
[ServerTableEngine:ee7482b5-cd40-4713-81c2-5300110a394c] Hand #1 — 3 players
Realtime send() is automatically falling back to REST API. This behavior will be deprecated in the future. Please use httpSend() explicitly for REST delivery.
Realtime send() is automatically falling back to REST API. This behavior will be deprecated in the future. Please use httpSend() explicitly for REST delivery.
[ServerTableEngine:4c1f3c83-e365-4211-bca1-0db75b49380c] Hand #1 — 3 players
Realtime send() is automatically falling back to REST API. This behavior will be deprecated in the future. Please use httpSend() explicitly for REST delivery.
Realtime send() is automatically falling back to REST API. This behavior will be deprecated in the future. Please use httpSend() explicitly for REST delivery.
Realtime send() is automatically falling back to REST API. This behavior will be deprecated in the future. Please use httpSend() explicitly for REST delivery.
Realtime send() is automatically falling back to REST API. This behavior will be deprecated in the future. Please use httpSend() explicitly for REST delivery.
Realtime send() is automatically falling back to REST API. This behavior will be deprecated in the future. Please use httpSend() explicitly for REST delivery.
Realtime send() is automatically falling back to REST API. This behavior will be deprecated in the future. Please use httpSend() explicitly for REST delivery.
[ServerTableEngine:b7204285-0961-400f-863c-bb3124cd493a] Starting...
[Tournament:d2120edd] RUNNING — 1 tables
[ServerTableEngine:64bbd57b-9e90-4324-91c2-39ccea72361b] Hand #1 — 3 players
Realtime send() is automatically falling back to REST API. This behavior will be deprecated in the future. Please use httpSend() explicitly for REST delivery.
Realtime send() is automatically falling back to REST API. This behavior will be deprecated in the future. Please use httpSend() explicitly for REST delivery.
[ServerTableEngine:8f35a024-0ccd-4f33-aaef-60cc96c9021c] Hand #1 — 3 players
Realtime send() is automatically falling back to REST API. This behavior will be deprecated in the future. Please use httpSend() explicitly for REST delivery.
Realtime send() is automatically falling back to REST API. This behavior will be deprecated in the future. Please use httpSend() explicitly for REST delivery.
[ServerTableEngine:2f24286b-104e-4044-81b2-59ae7ed96be8] Hand #1 — 3 players
Realtime send() is automatically falling back to REST API. This behavior will be deprecated in the future. Please use httpSend() explicitly for REST delivery.
Realtime send() is automatically falling back to REST API. This behavior will be deprecated in the future. Please use httpSend() explicitly for REST delivery.
[AutoRebuyService] Failed to refill wallet for CardDead Carl: new row for relation "wallet_transactions" violates check constraint "wallet_transactions_category_check"
Realtime send() is automatically falling back to REST API. This behavior will be deprecated in the future. Please use httpSend() explicitly for REST delivery.
Realtime send() is automatically falling back to REST API. This behavior will be deprecated in the future. Please use httpSend() explicitly for REST delivery.
Realtime send() is automatically falling back to REST API. This behavior will be deprecated in the future. Please use httpSend() explicitly for REST delivery.
Realtime send() is automatically falling back to REST API. This behavior will be deprecated in the future. Please use httpSend() explicitly for REST delivery.
[ServerTableEngine:dde7b281-e271-4814-b826-0e28a8c9f066] Starting...
[Tournament:160c08ae] RUNNING — 1 tables
[ServerTableEngine:d4c87624-c4f3-441f-8c4d-2be56a25bf20] Starting...
[Tournament:ca197763] RUNNING — 1 tables
[ServerTableEngine:d12ba23c-6ec8-40e3-ba7f-803135494d21] Hand #1 — 3 players
Realtime send() is automatically falling back to REST API. This behavior will be deprecated in the future. Please use httpSend() explicitly for REST delivery.
Realtime send() is automatically falling back to REST API. This behavior will be deprecated in the future. Please use httpSend() explicitly for REST delivery.
[ServerTableEngine:7a69999d-c748-46d7-8f53-166656497121] Hand #1 — 3 players
Realtime send() is automatically falling back to REST API. This behavior will be deprecated in the future. Please use httpSend() explicitly for REST delivery.
Realtime send() is automatically falling back to REST API. This behavior will be deprecated in the future. Please use httpSend() explicitly for REST delivery.
[ServerTableEngine:78241b26-ae6d-40f2-8d32-c777846ff975] Hand #1 — 3 players
Realtime send() is automatically falling back to REST API. This behavior will be deprecated in the future. Please use httpSend() explicitly for REST delivery.
Realtime send() is automatically falling back to REST API. This behavior will be deprecated in the future. Please use httpSend() explicitly for REST delivery.
[ServerTableEngine:a8eaa976-fb15-46f2-8607-c323352e4e64] Hand #1 — 3 players
Realtime send() is automatically falling back to REST API. This behavior will be deprecated in the future. Please use httpSend() explicitly for REST delivery.
Realtime send() is automatically falling back to REST API. This behavior will be deprecated in the future. Please use httpSend() explicitly for REST delivery.
Realtime send() is automatically falling back to REST API. This behavior will be deprecated in the future. Please use httpSend() explicitly for REST delivery.
Realtime send() is automatically falling back to REST API. This behavior will be deprecated in the future. Please use httpSend() explicitly for REST delivery.
Realtime send() is automatically falling back to REST API. This behavior will be deprecated in the future. Please use httpSend() explicitly for REST delivery.
Realtime send() is automatically falling back to REST API. This behavior will be deprecated in the future. Please use httpSend() explicitly for REST delivery.
Realtime send() is automatically falling back to REST API. This behavior will be deprecated in the future. Please use httpSend() explicitly for REST delivery.
Realtime send() is automatically falling back to REST API. This behavior will be deprecated in the future. Please use httpSend() explicitly for REST delivery.
Realtime send() is automatically falling back to REST API. This behavior will be deprecated in the future. Please use httpSend() explicitly for REST delivery.
Realtime send() is automatically falling back to REST API. This behavior will be deprecated in the future. Please use httpSend() explicitly for REST delivery.
[ServerTableEngine:a9de207b-7f9f-44ad-95c9-9969ab4a772a] Starting...
[Tournament:527748a2] RUNNING — 1 tables
[GameServer] Starting tournament: 10 Chip Spin NLH (2x) (full (3/3))
[Tournament:7f44269d] Starting...
[GameServer] Starting tournament: 3 Chip Spin PLO4 (2x) (full (3/3))
[Tournament:5b31afbb] Starting...
[GameServer] Starting tournament: 5 Chip Spin PLO4 (2x) (full (3/3))
[Tournament:1ea231c5] Starting...
[GameServer] Starting tournament: 3 Chip Spin PLO5 (2x) (full (3/3))
[Tournament:c02801c3] Starting...
[GameServer] Starting tournament: 3 Chip Spin PLO8 (5x) (full (3/3))
[Tournament:4b35eb03] Starting...
[GameServer] Starting tournament: 3 Chip Spin Pineapple (2x) (full (3/3))
[Tournament:d6e266c4] Starting...
[GameServer] Starting tournament: Daily Freeroll — NLH (7 players)
[Tournament:30a4e378] Starting...
[AutoRebuyService] Failed to refill wallet for CashGame Chris: new row for relation "wallet_transactions" violates check constraint "wallet_transactions_category_check"
[ServerTableEngine:51acdf13-3161-4110-81f0-7e4b693c698c] Hand #1 — 3 players
Realtime send() is automatically falling back to REST API. This behavior will be deprecated in the future. Please use httpSend() explicitly for REST delivery.
Realtime send() is automatically falling back to REST API. This behavior will be deprecated in the future. Please use httpSend() explicitly for REST delivery.
[ServerTableEngine:c413409f-10a9-4505-a872-3d018df77da8] Hand #1 — 3 players
Realtime send() is automatically falling back to REST API. This behavior will be deprecated in the future. Please use httpSend() explicitly for REST delivery.
Realtime send() is automatically falling back to REST API. This behavior will be deprecated in the future. Please use httpSend() explicitly for REST delivery.
[ServerTableEngine:581087a7-a06a-4c3f-9dff-ea6cea988f40] Hand #1 — 3 players
Realtime send() is automatically falling back to REST API. This behavior will be deprecated in the future. Please use httpSend() explicitly for REST delivery.
Realtime send() is automatically falling back to REST API. This behavior will be deprecated in the future. Please use httpSend() explicitly for REST delivery.
[ServerTableEngine:88e94483-d71a-4c7f-9f98-4f1c24d2bc2f] Hand #1 — 3 players
Realtime send() is automatically falling back to REST API. This behavior will be deprecated in the future. Please use httpSend() explicitly for REST delivery.
Realtime send() is automatically falling back to REST API. This behavior will be deprecated in the future. Please use httpSend() explicitly for REST delivery.
Realtime send() is automatically falling back to REST API. This behavior will be deprecated in the future. Please use httpSend() explicitly for REST delivery.
Realtime send() is automatically falling back to REST API. This behavior will be deprecated in the future. Please use httpSend() explicitly for REST delivery.
[ServerTableEngine:64450dbd-5849-4559-8b8c-9bb4ceb3a82f] Hand #1 — 3 players
Realtime send() is automatically falling back to REST API. This behavior will be deprecated in the future. Please use httpSend() explicitly for REST delivery.
Realtime send() is automatically falling back to REST API. This behavior will be deprecated in the future. Please use httpSend() explicitly for REST delivery.
[ServerTableEngine:f39b1814-ea8f-488f-9c89-530da6349819] Hand #1 — 6 players
Realtime send() is automatically falling back to REST API. This behavior will be deprecated in the future. Please use httpSend() explicitly for REST delivery.
Realtime send() is automatically falling back to REST API. This behavior will be deprecated in the future. Please use httpSend() explicitly for REST delivery.
[ServerTableEngine:045104eb-5ff3-4557-9926-873c01006bb3] Hand #1 — 3 players
Realtime send() is automatically falling back to REST API. This behavior will be deprecated in the future. Please use httpSend() explicitly for REST delivery.
Realtime send() is automatically falling back to REST API. This behavior will be deprecated in the future. Please use httpSend() explicitly for REST delivery.
[ServerTableEngine:860ac501-c973-41aa-8418-f78b62ca4fac] Hand #1 — 3 players
Realtime send() is automatically falling back to REST API. This behavior will be deprecated in the future. Please use httpSend() explicitly for REST delivery.
Realtime send() is automatically falling back to REST API. This behavior will be deprecated in the future. Please use httpSend() explicitly for REST delivery.
[ServerTableEngine:6589a0f7-5445-4dc9-a80e-71905059f8e9] Hand #1 — 6 players
Realtime send() is automatically falling back to REST API. This behavior will be deprecated in the future. Please use httpSend() explicitly for REST delivery.
Realtime send() is automatically falling back to REST API. This behavior will be deprecated in the future. Please use httpSend() explicitly for REST delivery.
[ServerTableEngine:63d18de5-548b-4493-b593-9e0c4159c22f] Hand #1 — 6 players
Realtime send() is automatically falling back to REST API. This behavior will be deprecated in the future. Please use httpSend() explicitly for REST delivery.
Realtime send() is automatically falling back to REST API. This behavior will be deprecated in the future. Please use httpSend() explicitly for REST delivery.
[ServerTableEngine:f745dee7-4ab2-4333-9e73-03f4a3b125df] Hand #1 — 4 players
Realtime send() is automatically falling back to REST API. This behavior will be deprecated in the future. Please use httpSend() explicitly for REST delivery.
Realtime send() is automatically falling back to REST API. This behavior will be deprecated in the future. Please use httpSend() explicitly for REST delivery.
[ServerTableEngine:0a9d4545-8601-4a1c-a44b-77d422020ccf] Hand #1 — 6 players
Realtime send() is automatically falling back to REST API. This behavior will be deprecated in the future. Please use httpSend() explicitly for REST delivery.
Realtime send() is automatically falling back to REST API. This behavior will be deprecated in the future. Please use httpSend() explicitly for REST delivery.
[ServerTableEngine:e735c902-25c3-47f7-b44c-a7aff956a299] Hand #1 — 3 players
Realtime send() is automatically falling back to REST API. This behavior will be deprecated in the future. Please use httpSend() explicitly for REST delivery.
Realtime send() is automatically falling back to REST API. This behavior will be deprecated in the future. Please use httpSend() explicitly for REST delivery.
[AutoRebuyService] Failed to refill wallet for CheckRaise Charlie: new row for relation "wallet_transactions" violates check constraint "wallet_transactions_category_check"
[ServerTableEngine:ced295ae-cc48-4794-9bb7-77cd7ed8603d] Starting...
[Tournament:12509ab9] RUNNING — 1 tables
[ServerTableEngine:ae2a39ce-d3fc-44b2-9dfc-cf80ea747a52] Hand #1 — 3 players
Realtime send() is automatically falling back to REST API. This behavior will be deprecated in the future. Please use httpSend() explicitly for REST delivery.
Realtime send() is automatically falling back to REST API. This behavior will be deprecated in the future. Please use httpSend() explicitly for REST delivery.
[ServerTableEngine:adbca704-4ca8-461f-ab82-630bb2cdd00a] Hand #1 — 6 players
Realtime send() is automatically falling back to REST API. This behavior will be deprecated in the future. Please use httpSend() explicitly for REST delivery.
Realtime send() is automatically falling back to REST API. This behavior will be deprecated in the future. Please use httpSend() explicitly for REST delivery.
[ServerTableEngine:58ddfc43-97a9-4e19-91bb-f5b4c0c2d688] Hand #1 — 3 players
Realtime send() is automatically falling back to REST API. This behavior will be deprecated in the future. Please use httpSend() explicitly for REST delivery.
Realtime send() is automatically falling back to REST API. This behavior will be deprecated in the future. Please use httpSend() explicitly for REST delivery.
Realtime send() is automatically falling back to REST API. This behavior will be deprecated in the future. Please use httpSend() explicitly for REST delivery.
Realtime send() is automatically falling back to REST API. This behavior will be deprecated in the future. Please use httpSend() explicitly for REST delivery.
Realtime send() is automatically falling back to REST API. This behavior will be deprecated in the future. Please use httpSend() explicitly for REST delivery.
Realtime send() is automatically falling back to REST API. This behavior will be deprecated in the future. Please use httpSend() explicitly for REST delivery.
Realtime send() is automatically falling back to REST API. This behavior will be deprecated in the future. Please use httpSend() explicitly for REST delivery.
Realtime send() is automatically falling back to REST API. This behavior will be deprecated in the future. Please use httpSend() explicitly for REST delivery.
[Tournament:5b31afbb] Spin multiplier was missing — rolled 2x as fallback
Realtime send() is automatically falling back to REST API. This behavior will be deprecated in the future. Please use httpSend() explicitly for REST delivery.
Realtime send() is automatically falling back to REST API. This behavior will be deprecated in the future. Please use httpSend() explicitly for REST delivery.
[ServerTableEngine:4ffddf60-ae34-443b-a5d0-d1c97a801c3e] Starting...
[Tournament:04245760] RUNNING — 1 tables
Realtime send() is automatically falling back to REST API. This behavior will be deprecated in the future. Please use httpSend() explicitly for REST delivery.
Realtime send() is automatically falling back to REST API. This behavior will be deprecated in the future. Please use httpSend() explicitly for REST delivery.
Realtime send() is automatically falling back to REST API. This behavior will be deprecated in the future. Please use httpSend() explicitly for REST delivery.
Realtime send() is automatically falling back to REST API. This behavior will be deprecated in the future. Please use httpSend() explicitly for REST delivery.
[Tournament:c02801c3] Spin multiplier was missing — rolled 2x as fallback
[ServerTableEngine:7870a117-b0a9-477c-bac5-e5823acee221] Starting...
[Tournament:0f315a93] RUNNING — 1 tables
[Tournament:1ea231c5] Spin multiplier was missing — rolled 2x as fallback
[ServerTableEngine:05b8c9b0-000b-41f7-a2b5-c0e55f26f674] Hand #1 — 3 players
Realtime send() is automatically falling back to REST API. This behavior will be deprecated in the future. Please use httpSend() explicitly for REST delivery.
Realtime send() is automatically falling back to REST API. This behavior will be deprecated in the future. Please use httpSend() explicitly for REST delivery.
[ServerTableEngine:44522b9b-2ce8-498c-aab4-7b60a0b7e05e] Hand #1 — 3 players
Realtime send() is automatically falling back to REST API. This behavior will be deprecated in the future. Please use httpSend() explicitly for REST delivery.
Realtime send() is automatically falling back to REST API. This behavior will be deprecated in the future. Please use httpSend() explicitly for REST delivery.
[AutoRebuyService] Failed to refill wallet for CleanAggro: new row for relation "wallet_transactions" violates check constraint "wallet_transactions_category_check"
[ServerTableEngine:8fd6f328-65ef-4d19-9dc2-609dd7afbede] Hand #1 — 6 players
Realtime send() is automatically falling back to REST API. This behavior will be deprecated in the future. Please use httpSend() explicitly for REST delivery.
Realtime send() is automatically falling back to REST API. This behavior will be deprecated in the future. Please use httpSend() explicitly for REST delivery.
[ServerTableEngine:cbdc4179-63e5-456d-b58d-5d9b753805c5] Starting...
[Tournament:a748c4f9] RUNNING — 1 tables
[ServerTableEngine:adebc6f8-6ac7-4718-a9e6-764f43e4d0a0] Hand #1 — 3 players
Realtime send() is automatically falling back to REST API. This behavior will be deprecated in the future. Please use httpSend() explicitly for REST delivery.
Realtime send() is automatically falling back to REST API. This behavior will be deprecated in the future. Please use httpSend() explicitly for REST delivery.
[ServerTableEngine:47cbe4e3-128c-4765-80ad-592ab11336fa] Hand #1 — 6 players
Realtime send() is automatically falling back to REST API. This behavior will be deprecated in the future. Please use httpSend() explicitly for REST delivery.
Realtime send() is automatically falling back to REST API. This behavior will be deprecated in the future. Please use httpSend() explicitly for REST delivery.
[ServerTableEngine:4d1a5c8b-f400-4786-a06a-8cd499eaf53b] Hand #1 — 6 players
Realtime send() is automatically falling back to REST API. This behavior will be deprecated in the future. Please use httpSend() explicitly for REST delivery.
Realtime send() is automatically falling back to REST API. This behavior will be deprecated in the future. Please use httpSend() explicitly for REST delivery.
[ServerTableEngine:710990dc-79b1-4ced-a813-4caea926540a] Hand #1 — 6 players
Realtime send() is automatically falling back to REST API. This behavior will be deprecated in the future. Please use httpSend() explicitly for REST delivery.
Realtime send() is automatically falling back to REST API. This behavior will be deprecated in the future. Please use httpSend() explicitly for REST delivery.
[ServerTableEngine:5cc6aa08-8c8d-4389-b0f6-9a01f6aa4264] Hand #1 — 3 players
Realtime send() is automatically falling back to REST API. This behavior will be deprecated in the future. Please use httpSend() explicitly for REST delivery.
Realtime send() is automatically falling back to REST API. This behavior will be deprecated in the future. Please use httpSend() explicitly for REST delivery.
[ServerTableEngine:b2d101d2-b5f7-4f68-8bed-7441648d864a] Hand #1 — 3 players
Realtime send() is automatically falling back to REST API. This behavior will be deprecated in the future. Please use httpSend() explicitly for REST delivery.
Realtime send() is automatically falling back to REST API. This behavior will be deprecated in the future. Please use httpSend() explicitly for REST delivery.
[ServerTableEngine:1217032c-8eba-4817-a27d-cc9ac9d03ee4] Hand #1 — 6 players
Realtime send() is automatically falling back to REST API. This behavior will be deprecated in the future. Please use httpSend() explicitly for REST delivery.
Realtime send() is automatically falling back to REST API. This behavior will be deprecated in the future. Please use httpSend() explicitly for REST delivery.
Realtime send() is automatically falling back to REST API. This behavior will be deprecated in the future. Please use httpSend() explicitly for REST delivery.
Realtime send() is automatically falling back to REST API. This behavior will be deprecated in the future. Please use httpSend() explicitly for REST delivery.
[ServerTableEngine:a0f9fbcd-98b4-41df-ab03-a6171d4d78ac] Hand #1 — 6 players
Realtime send() is automatically falling back to REST API. This behavior will be deprecated in the future. Please use httpSend() explicitly for REST delivery.
Realtime send() is automatically falling back to REST API. This behavior will be deprecated in the future. Please use httpSend() explicitly for REST delivery.
Realtime send() is automatically falling back to REST API. This behavior will be deprecated in the future. Please use httpSend() explicitly for REST delivery.
Realtime send() is automatically falling back to REST API. This behavior will be deprecated in the future. Please use httpSend() explicitly for REST delivery.
[Tournament:5b31afbb] SPIN MULTIPLIER: 2x — Prize Pool: 6
Realtime send() is automatically falling back to REST API. This behavior will be deprecated in the future. Please use httpSend() explicitly for REST delivery.
Realtime send() is automatically falling back to REST API. This behavior will be deprecated in the future. Please use httpSend() explicitly for REST delivery.
[ServerTableEngine:efcb6978-2d83-4f39-841d-67963a92cca5] Hand #1 — 6 players
Realtime send() is automatically falling back to REST API. This behavior will be deprecated in the future. Please use httpSend() explicitly for REST delivery.
Realtime send() is automatically falling back to REST API. This behavior will be deprecated in the future. Please use httpSend() explicitly for REST delivery.
Realtime send() is automatically falling back to REST API. This behavior will be deprecated in the future. Please use httpSend() explicitly for REST delivery.
Realtime send() is automatically falling back to REST API. This behavior will be deprecated in the future. Please use httpSend() explicitly for REST delivery.
Realtime send() is automatically falling back to REST API. This behavior will be deprecated in the future. Please use httpSend() explicitly for REST delivery.
Realtime send() is automatically falling back to REST API. This behavior will be deprecated in the future. Please use httpSend() explicitly for REST delivery.
Realtime send() is automatically falling back to REST API. This behavior will be deprecated in the future. Please use httpSend() explicitly for REST delivery.
Realtime send() is automatically falling back to REST API. This behavior will be deprecated in the future. Please use httpSend() explicitly for REST delivery.
Realtime send() is automatically falling back to REST API. This behavior will be deprecated in the future. Please use httpSend() explicitly for REST delivery.
Realtime send() is automatically falling back to REST API. This behavior will be deprecated in the future. Please use httpSend() explicitly for REST delivery.
[Tournament:c02801c3] SPIN MULTIPLIER: 2x — Prize Pool: 6
[ServerTableEngine:f1aa4f50-e7f0-4198-a1d5-1ce9a61f6e78] Starting...
[Tournament:019d5f81] RUNNING — 1 tables
Realtime send() is automatically falling back to REST API. This behavior will be deprecated in the future. Please use httpSend() explicitly for REST delivery.
Realtime send() is automatically falling back to REST API. This behavior will be deprecated in the future. Please use httpSend() explicitly for REST delivery.
[ServerTableEngine:8dea3470-e60e-47a7-b053-b41474bb85b4] Starting...
[Tournament:7b836edb] RUNNING — 1 tables
Realtime send() is automatically falling back to REST API. This behavior will be deprecated in the future. Please use httpSend() explicitly for REST delivery.
Realtime send() is automatically falling back to REST API. This behavior will be deprecated in the future. Please use httpSend() explicitly for REST delivery.
[Tournament:1ea231c5] SPIN MULTIPLIER: 2x — Prize Pool: 10
Realtime send() is automatically falling back to REST API. This behavior will be deprecated in the future. Please use httpSend() explicitly for REST delivery.
Realtime send() is automatically falling back to REST API. This behavior will be deprecated in the future. Please use httpSend() explicitly for REST delivery.
Realtime send() is automatically falling back to REST API. This behavior will be deprecated in the future. Please use httpSend() explicitly for REST delivery.
Realtime send() is automatically falling back to REST API. This behavior will be deprecated in the future. Please use httpSend() explicitly for REST delivery.
Realtime send() is automatically falling back to REST API. This behavior will be deprecated in the future. Please use httpSend() explicitly for REST delivery.
Realtime send() is automatically falling back to REST API. This behavior will be deprecated in the future. Please use httpSend() explicitly for REST delivery.
[Tournament:d6e266c4] Spin multiplier was missing — rolled 2x as fallback
[ServerTableEngine:bbdba032-1cde-4a9d-b136-93ff07076b17] Hand #1 — 3 players
Realtime send() is automatically falling back to REST API. This behavior will be deprecated in the future. Please use httpSend() explicitly for REST delivery.
Realtime send() is automatically falling back to REST API. This behavior will be deprecated in the future. Please use httpSend() explicitly for REST delivery.
[AutoRebuyService] Failed to refill wallet for CoinFlip: new row for relation "wallet_transactions" violates check constraint "wallet_transactions_category_check"
[ServerTableEngine:c1d2ed40-1b47-41b1-9f66-edd02af17d92] Starting...
[Tournament:93d26aa3] RUNNING — 1 tables
Realtime send() is automatically falling back to REST API. This behavior will be deprecated in the future. Please use httpSend() explicitly for REST delivery.
Realtime send() is automatically falling back to REST API. This behavior will be deprecated in the future. Please use httpSend() explicitly for REST delivery.
Realtime send() is automatically falling back to REST API. This behavior will be deprecated in the future. Please use httpSend() explicitly for REST delivery.
Realtime send() is automatically falling back to REST API. This behavior will be deprecated in the future. Please use httpSend() explicitly for REST delivery.
Realtime send() is automatically falling back to REST API. This behavior will be deprecated in the future. Please use httpSend() explicitly for REST delivery.
Realtime send() is automatically falling back to REST API. This behavior will be deprecated in the future. Please use httpSend() explicitly for REST delivery.
Realtime send() is automatically falling back to REST API. This behavior will be deprecated in the future. Please use httpSend() explicitly for REST delivery.
Realtime send() is automatically falling back to REST API. This behavior will be deprecated in the future. Please use httpSend() explicitly for REST delivery.
Realtime send() is automatically falling back to REST API. This behavior will be deprecated in the future. Please use httpSend() explicitly for REST delivery.
Realtime send() is automatically falling back to REST API. This behavior will be deprecated in the future. Please use httpSend() explicitly for REST delivery.
Realtime send() is automatically falling back to REST API. This behavior will be deprecated in the future. Please use httpSend() explicitly for REST delivery.
Realtime send() is automatically falling back to REST API. This behavior will be deprecated in the future. Please use httpSend() explicitly for REST delivery.
Realtime send() is automatically falling back to REST API. This behavior will be deprecated in the future. Please use httpSend() explicitly for REST delivery.
Realtime send() is automatically falling back to REST API. This behavior will be deprecated in the future. Please use httpSend() explicitly for REST delivery.
Realtime send() is automatically falling back to REST API. This behavior will be deprecated in the future. Please use httpSend() explicitly for REST delivery.
Realtime send() is automatically falling back to REST API. This behavior will be deprecated in the future. Please use httpSend() explicitly for REST delivery.
Realtime send() is automatically falling back to REST API. This behavior will be deprecated in the future. Please use httpSend() explicitly for REST delivery.
Realtime send() is automatically falling back to REST API. This behavior will be deprecated in the future. Please use httpSend() explicitly for REST delivery.
[ServerTableEngine:24ebb8d0-7fe0-4fe6-9e53-e39d4841ce88] Hand #1 — 7 players
Realtime send() is automatically falling back to REST API. This behavior will be deprecated in the future. Please use httpSend() explicitly for REST delivery.
Realtime send() is automatically falling back to REST API. This behavior will be deprecated in the future. Please use httpSend() explicitly for REST delivery.
Realtime send() is automatically falling back to REST API. This behavior will be deprecated in the future. Please use httpSend() explicitly for REST delivery.
Realtime send() is automatically falling back to REST API. This behavior will be deprecated in the future. Please use httpSend() explicitly for REST delivery.
Realtime send() is automatically falling back to REST API. This behavior will be deprecated in the future. Please use httpSend() explicitly for REST delivery.
Realtime send() is automatically falling back to REST API. This behavior will be deprecated in the future. Please use httpSend() explicitly for REST delivery.
Realtime send() is automatically falling back to REST API. This behavior will be deprecated in the future. Please use httpSend() explicitly for REST delivery.
Realtime send() is automatically falling back to REST API. This behavior will be deprecated in the future. Please use httpSend() explicitly for REST delivery.
[Tournament:7f44269d] Spin multiplier was missing — rolled 2x as fallback
[Tournament:4b35eb03] Spin multiplier was missing — rolled 2x as fallback
[ServerTableEngine:68ec1a91-be42-4f69-b96c-b53863ba8fe1] Hand #1 — 5 players
Realtime send() is automatically falling back to REST API. This behavior will be deprecated in the future. Please use httpSend() explicitly for REST delivery.
Realtime send() is automatically falling back to REST API. This behavior will be deprecated in the future. Please use httpSend() explicitly for REST delivery.
Realtime send() is automatically falling back to REST API. This behavior will be deprecated in the future. Please use httpSend() explicitly for REST delivery.
Realtime send() is automatically falling back to REST API. This behavior will be deprecated in the future. Please use httpSend() explicitly for REST delivery.
Realtime send() is automatically falling back to REST API. This behavior will be deprecated in the future. Please use httpSend() explicitly for REST delivery.
Realtime send() is automatically falling back to REST API. This behavior will be deprecated in the future. Please use httpSend() explicitly for REST delivery.
Realtime send() is automatically falling back to REST API. This behavior will be deprecated in the future. Please use httpSend() explicitly for REST delivery.
Realtime send() is automatically falling back to REST API. This behavior will be deprecated in the future. Please use httpSend() explicitly for REST delivery.
[ServerTableEngine:d09ff603-6be6-4660-98c2-214911cfdd23] Starting...
[Tournament:ccd32499] RUNNING — 1 tables
Realtime send() is automatically falling back to REST API. This behavior will be deprecated in the future. Please use httpSend() explicitly for REST delivery.
Realtime send() is automatically falling back to REST API. This behavior will be deprecated in the future. Please use httpSend() explicitly for REST delivery.
[ServerTableEngine:52063ae9-a7b3-463f-a317-d6f2c121b0eb] Hand #1 — 7 players
Realtime send() is automatically falling back to REST API. This behavior will be deprecated in the future. Please use httpSend() explicitly for REST delivery.
Realtime send() is automatically falling back to REST API. This behavior will be deprecated in the future. Please use httpSend() explicitly for REST delivery.
Realtime send() is automatically falling back to REST API. This behavior will be deprecated in the future. Please use httpSend() explicitly for REST delivery.
Realtime send() is automatically falling back to REST API. This behavior will be deprecated in the future. Please use httpSend() explicitly for REST delivery.
[Tournament:d6e266c4] SPIN MULTIPLIER: 2x — Prize Pool: 6
Realtime send() is automatically falling back to REST API. This behavior will be deprecated in the future. Please use httpSend() explicitly for REST delivery.
Realtime send() is automatically falling back to REST API. This behavior will be deprecated in the future. Please use httpSend() explicitly for REST delivery.
[AutoRebuyService] Failed to refill wallet for Combo Draw: new row for relation "wallet_transactions" violates check constraint "wallet_transactions_category_check"
Realtime send() is automatically falling back to REST API. This behavior will be deprecated in the future. Please use httpSend() explicitly for REST delivery.
Realtime send() is automatically falling back to REST API. This behavior will be deprecated in the future. Please use httpSend() explicitly for REST delivery.
Realtime send() is automatically falling back to REST API. This behavior will be deprecated in the future. Please use httpSend() explicitly for REST delivery.
Realtime send() is automatically falling back to REST API. This behavior will be deprecated in the future. Please use httpSend() explicitly for REST delivery.
[ServerTableEngine:17197dc1-6a53-44d3-bb40-5ec178b0ff0a] Hand #1 — 9 players
Realtime send() is automatically falling back to REST API. This behavior will be deprecated in the future. Please use httpSend() explicitly for REST delivery.
Realtime send() is automatically falling back to REST API. This behavior will be deprecated in the future. Please use httpSend() explicitly for REST delivery.
Realtime send() is automatically falling back to REST API. This behavior will be deprecated in the future. Please use httpSend() explicitly for REST delivery.
Realtime send() is automatically falling back to REST API. This behavior will be deprecated in the future. Please use httpSend() explicitly for REST delivery.
[ServerTableEngine:1a0e3517-3ba1-4516-ab61-dc9cfffe53f4] Hand #1 — 8 players
Realtime send() is automatically falling back to REST API. This behavior will be deprecated in the future. Please use httpSend() explicitly for REST delivery.
Realtime send() is automatically falling back to REST API. This behavior will be deprecated in the future. Please use httpSend() explicitly for REST delivery.
Realtime send() is automatically falling back to REST API. This behavior will be deprecated in the future. Please use httpSend() explicitly for REST delivery.
Realtime send() is automatically falling back to REST API. This behavior will be deprecated in the future. Please use httpSend() explicitly for REST delivery.
Realtime send() is automatically falling back to REST API. This behavior will be deprecated in the future. Please use httpSend() explicitly for REST delivery.
Realtime send() is automatically falling back to REST API. This behavior will be deprecated in the future. Please use httpSend() explicitly for REST delivery.
[Tournament:7f44269d] SPIN MULTIPLIER: 2x — Prize Pool: 20
[ServerTableEngine:b551c3e2-f960-4d05-950a-15f7d7a1459a] Hand #1 — 6 players
Realtime send() is automatically falling back to REST API. This behavior will be deprecated in the future. Please use httpSend() explicitly for REST delivery.
Realtime send() is automatically falling back to REST API. This behavior will be deprecated in the future. Please use httpSend() explicitly for REST delivery.
[Tournament:4b35eb03] SPIN MULTIPLIER: 2x — Prize Pool: 6
Realtime send() is automatically falling back to REST API. This behavior will be deprecated in the future. Please use httpSend() explicitly for REST delivery.
Realtime send() is automatically falling back to REST API. This behavior will be deprecated in the future. Please use httpSend() explicitly for REST delivery.
Realtime send() is automatically falling back to REST API. This behavior will be deprecated in the future. Please use httpSend() explicitly for REST delivery.
Realtime send() is automatically falling back to REST API. This behavior will be deprecated in the future. Please use httpSend() explicitly for REST delivery.
Realtime send() is automatically falling back to REST API. This behavior will be deprecated in the future. Please use httpSend() explicitly for REST delivery.
Realtime send() is automatically falling back to REST API. This behavior will be deprecated in the future. Please use httpSend() explicitly for REST delivery.
Realtime send() is automatically falling back to REST API. This behavior will be deprecated in the future. Please use httpSend() explicitly for REST delivery.
Realtime send() is automatically falling back to REST API. This behavior will be deprecated in the future. Please use httpSend() explicitly for REST delivery.
Realtime send() is automatically falling back to REST API. This behavior will be deprecated in the future. Please use httpSend() explicitly for REST delivery.
Realtime send() is automatically falling back to REST API. This behavior will be deprecated in the future. Please use httpSend() explicitly for REST delivery.
Realtime send() is automatically falling back to REST API. This behavior will be deprecated in the future. Please use httpSend() explicitly for REST delivery.
Realtime send() is automatically falling back to REST API. This behavior will be deprecated in the future. Please use httpSend() explicitly for REST delivery.
Realtime send() is automatically falling back to REST API. This behavior will be deprecated in the future. Please use httpSend() explicitly for REST delivery.
Realtime send() is automatically falling back to REST API. This behavior will be deprecated in the future. Please use httpSend() explicitly for REST delivery.
Realtime send() is automatically falling back to REST API. This behavior will be deprecated in the future. Please use httpSend() explicitly for REST delivery.
Realtime send() is automatically falling back to REST API. This behavior will be deprecated in the future. Please use httpSend() explicitly for REST delivery.
Realtime send() is automatically falling back to REST API. This behavior will be deprecated in the future. Please use httpSend() explicitly for REST delivery.
Realtime send() is automatically falling back to REST API. This behavior will be deprecated in the future. Please use httpSend() explicitly for REST delivery.
Realtime send() is automatically falling back to REST API. This behavior will be deprecated in the future. Please use httpSend() explicitly for REST delivery.
Realtime send() is automatically falling back to REST API. This behavior will be deprecated in the future. Please use httpSend() explicitly for REST delivery.
Realtime send() is automatically falling back to REST API. This behavior will be deprecated in the future. Please use httpSend() explicitly for REST delivery.
Realtime send() is automatically falling back to REST API. This behavior will be deprecated in the future. Please use httpSend() explicitly for REST delivery.
Realtime send() is automatically falling back to REST API. This behavior will be deprecated in the future. Please use httpSend() explicitly for REST delivery.
Realtime send() is automatically falling back to REST API. This behavior will be deprecated in the future. Please use httpSend() explicitly for REST delivery.
Realtime send() is automatically falling back to REST API. This behavior will be deprecated in the future. Please use httpSend() explicitly for REST delivery.
Realtime send() is automatically falling back to REST API. This behavior will be deprecated in the future. Please use httpSend() explicitly for REST delivery.
[AutoRebuyService] Failed to refill wallet for CoolRunner: new row for relation "wallet_transactions" violates check constraint "wallet_transactions_category_check"
Realtime send() is automatically falling back to REST API. This behavior will be deprecated in the future. Please use httpSend() explicitly for REST delivery.
Realtime send() is automatically falling back to REST API. This behavior will be deprecated in the future. Please use httpSend() explicitly for REST delivery.
Realtime send() is automatically falling back to REST API. This behavior will be deprecated in the future. Please use httpSend() explicitly for REST delivery.
Realtime send() is automatically falling back to REST API. This behavior will be deprecated in the future. Please use httpSend() explicitly for REST delivery.
Realtime send() is automatically falling back to REST API. This behavior will be deprecated in the future. Please use httpSend() explicitly for REST delivery.
Realtime send() is automatically falling back to REST API. This behavior will be deprecated in the future. Please use httpSend() explicitly for REST delivery.
Realtime send() is automatically falling back to REST API. This behavior will be deprecated in the future. Please use httpSend() explicitly for REST delivery.
Realtime send() is automatically falling back to REST API. This behavior will be deprecated in the future. Please use httpSend() explicitly for REST delivery.
Realtime send() is automatically falling back to REST API. This behavior will be deprecated in the future. Please use httpSend() explicitly for REST delivery.
Realtime send() is automatically falling back to REST API. This behavior will be deprecated in the future. Please use httpSend() explicitly for REST delivery.
[ServerTableEngine:dde7b281-e271-4814-b826-0e28a8c9f066] Hand #1 — 9 players
Realtime send() is automatically falling back to REST API. This behavior will be deprecated in the future. Please use httpSend() explicitly for REST delivery.
Realtime send() is automatically falling back to REST API. This behavior will be deprecated in the future. Please use httpSend() explicitly for REST delivery.
Realtime send() is automatically falling back to REST API. This behavior will be deprecated in the future. Please use httpSend() explicitly for REST delivery.
Realtime send() is automatically falling back to REST API. This behavior will be deprecated in the future. Please use httpSend() explicitly for REST delivery.
[ServerTableEngine:d4c87624-c4f3-441f-8c4d-2be56a25bf20] Hand #1 — 6 players
Realtime send() is automatically falling back to REST API. This behavior will be deprecated in the future. Please use httpSend() explicitly for REST delivery.
Realtime send() is automatically falling back to REST API. This behavior will be deprecated in the future. Please use httpSend() explicitly for REST delivery.
[ServerTableEngine:decfe5d6-ebad-42c8-9a59-cb2f8d3c5447] Hand #1 — 6 players
Realtime send() is automatically falling back to REST API. This behavior will be deprecated in the future. Please use httpSend() explicitly for REST delivery.
Realtime send() is automatically falling back to REST API. This behavior will be deprecated in the future. Please use httpSend() explicitly for REST delivery.
Realtime send() is automatically falling back to REST API. This behavior will be deprecated in the future. Please use httpSend() explicitly for REST delivery.
Realtime send() is automatically falling back to REST API. This behavior will be deprecated in the future. Please use httpSend() explicitly for REST delivery.
Realtime send() is automatically falling back to REST API. This behavior will be deprecated in the future. Please use httpSend() explicitly for REST delivery.
Realtime send() is automatically falling back to REST API. This behavior will be deprecated in the future. Please use httpSend() explicitly for REST delivery.
Realtime send() is automatically falling back to REST API. This behavior will be deprecated in the future. Please use httpSend() explicitly for REST delivery.
Realtime send() is automatically falling back to REST API. This behavior will be deprecated in the future. Please use httpSend() explicitly for REST delivery.
Realtime send() is automatically falling back to REST API. This behavior will be deprecated in the future. Please use httpSend() explicitly for REST delivery.
Realtime send() is automatically falling back to REST API. This behavior will be deprecated in the future. Please use httpSend() explicitly for REST delivery.
Realtime send() is automatically falling back to REST API. This behavior will be deprecated in the future. Please use httpSend() explicitly for REST delivery.
Realtime send() is automatically falling back to REST API. This behavior will be deprecated in the future. Please use httpSend() explicitly for REST delivery.
Realtime send() is automatically falling back to REST API. This behavior will be deprecated in the future. Please use httpSend() explicitly for REST delivery.
Realtime send() is automatically falling back to REST API. This behavior will be deprecated in the future. Please use httpSend() explicitly for REST delivery.
[ServerTableEngine] Created for table dec4feb1-a7e6-495b-a694-28144278e4a0
Realtime send() is automatically falling back to REST API. This behavior will be deprecated in the future. Please use httpSend() explicitly for REST delivery.
Realtime send() is automatically falling back to REST API. This behavior will be deprecated in the future. Please use httpSend() explicitly for REST delivery.
Realtime send() is automatically falling back to REST API. This behavior will be deprecated in the future. Please use httpSend() explicitly for REST delivery.
Realtime send() is automatically falling back to REST API. This behavior will be deprecated in the future. Please use httpSend() explicitly for REST delivery.
Realtime send() is automatically falling back to REST API. This behavior will be deprecated in the future. Please use httpSend() explicitly for REST delivery.
Realtime send() is automatically falling back to REST API. This behavior will be deprecated in the future. Please use httpSend() explicitly for REST delivery.
Realtime send() is automatically falling back to REST API. This behavior will be deprecated in the future. Please use httpSend() explicitly for REST delivery.
Realtime send() is automatically falling back to REST API. This behavior will be deprecated in the future. Please use httpSend() explicitly for REST delivery.
[ServerTableEngine:b7204285-0961-400f-863c-bb3124cd493a] Hand #1 — 6 players
Realtime send() is automatically falling back to REST API. This behavior will be deprecated in the future. Please use httpSend() explicitly for REST delivery.
Realtime send() is automatically falling back to REST API. This behavior will be deprecated in the future. Please use httpSend() explicitly for REST delivery.
[ServerTableEngine:9d4ed068-329b-4dd0-be28-3f7f81476cfb] Starting...
[Tournament:c29788ec] RUNNING — 1 tables
Realtime send() is automatically falling back to REST API. This behavior will be deprecated in the future. Please use httpSend() explicitly for REST delivery.
Realtime send() is automatically falling back to REST API. This behavior will be deprecated in the future. Please use httpSend() explicitly for REST delivery.
[ServerTableEngine] Created for table 09c70f92-4a39-4e09-96d3-ec1897d8fed5
Realtime send() is automatically falling back to REST API. This behavior will be deprecated in the future. Please use httpSend() explicitly for REST delivery.
Realtime send() is automatically falling back to REST API. This behavior will be deprecated in the future. Please use httpSend() explicitly for REST delivery.
Realtime send() is automatically falling back to REST API. This behavior will be deprecated in the future. Please use httpSend() explicitly for REST delivery.
Realtime send() is automatically falling back to REST API. This behavior will be deprecated in the future. Please use httpSend() explicitly for REST delivery.
[ServerTableEngine:a9de207b-7f9f-44ad-95c9-9969ab4a772a] Hand #1 — 8 players
Realtime send() is automatically falling back to REST API. This behavior will be deprecated in the future. Please use httpSend() explicitly for REST delivery.
Realtime send() is automatically falling back to REST API. This behavior will be deprecated in the future. Please use httpSend() explicitly for REST delivery.
[AutoRebuyService] Failed to refill wallet for CrushingIt: new row for relation "wallet_transactions" violates check constraint "wallet_transactions_category_check"
Realtime send() is automatically falling back to REST API. This behavior will be deprecated in the future. Please use httpSend() explicitly for REST delivery.
Realtime send() is automatically falling back to REST API. This behavior will be deprecated in the future. Please use httpSend() explicitly for REST delivery.
Realtime send() is automatically falling back to REST API. This behavior will be deprecated in the future. Please use httpSend() explicitly for REST delivery.
Realtime send() is automatically falling back to REST API. This behavior will be deprecated in the future. Please use httpSend() explicitly for REST delivery.
Realtime send() is automatically falling back to REST API. This behavior will be deprecated in the future. Please use httpSend() explicitly for REST delivery.
Realtime send() is automatically falling back to REST API. This behavior will be deprecated in the future. Please use httpSend() explicitly for REST delivery.
[ServerTableEngine:2f24286b-104e-4044-81b2-59ae7ed96be8] Hand #2 — 3 players
Realtime send() is automatically falling back to REST API. This behavior will be deprecated in the future. Please use httpSend() explicitly for REST delivery.
Realtime send() is automatically falling back to REST API. This behavior will be deprecated in the future. Please use httpSend() explicitly for REST delivery.
Realtime send() is automatically falling back to REST API. This behavior will be deprecated in the future. Please use httpSend() explicitly for REST delivery.
Realtime send() is automatically falling back to REST API. This behavior will be deprecated in the future. Please use httpSend() explicitly for REST delivery.
Realtime send() is automatically falling back to REST API. This behavior will be deprecated in the future. Please use httpSend() explicitly for REST delivery.
Realtime send() is automatically falling back to REST API. This behavior will be deprecated in the future. Please use httpSend() explicitly for REST delivery.
Realtime send() is automatically falling back to REST API. This behavior will be deprecated in the future. Please use httpSend() explicitly for REST delivery.
Realtime send() is automatically falling back to REST API. This behavior will be deprecated in the future. Please use httpSend() explicitly for REST delivery.
[ServerTableEngine:fb2ff9b6-becc-4135-b2e3-871b78dad999] Starting...
[Tournament:e92f90ee] RUNNING — 1 tables
Realtime send() is automatically falling back to REST API. This behavior will be deprecated in the future. Please use httpSend() explicitly for REST delivery.
Realtime send() is automatically falling back to REST API. This behavior will be deprecated in the future. Please use httpSend() explicitly for REST delivery.
Realtime send() is automatically falling back to REST API. This behavior will be deprecated in the future. Please use httpSend() explicitly for REST delivery.
Realtime send() is automatically falling back to REST API. This behavior will be deprecated in the future. Please use httpSend() explicitly for REST delivery.
[ServerTableEngine:7a69999d-c748-46d7-8f53-166656497121] Hand #2 — 3 players
Realtime send() is automatically falling back to REST API. This behavior will be deprecated in the future. Please use httpSend() explicitly for REST delivery.
Realtime send() is automatically falling back to REST API. This behavior will be deprecated in the future. Please use httpSend() explicitly for REST delivery.
Realtime send() is automatically falling back to REST API. This behavior will be deprecated in the future. Please use httpSend() explicitly for REST delivery.
Realtime send() is automatically falling back to REST API. This behavior will be deprecated in the future. Please use httpSend() explicitly for REST delivery.
[ServerTableEngine:ced295ae-cc48-4794-9bb7-77cd7ed8603d] Hand #1 — 6 players
Realtime send() is automatically falling back to REST API. This behavior will be deprecated in the future. Please use httpSend() explicitly for REST delivery.
Realtime send() is automatically falling back to REST API. This behavior will be deprecated in the future. Please use httpSend() explicitly for REST delivery.
[AutoRebuyService] Failed to refill wallet for CutoffKid: new row for relation "wallet_transactions" violates check constraint "wallet_transactions_category_check"
Realtime send() is automatically falling back to REST API. This behavior will be deprecated in the future. Please use httpSend() explicitly for REST delivery.
Realtime send() is automatically falling back to REST API. This behavior will be deprecated in the future. Please use httpSend() explicitly for REST delivery.
[ServerTableEngine] Created for table cdee7f36-073c-4c80-8b30-2a66edc7786d
Realtime send() is automatically falling back to REST API. This behavior will be deprecated in the future. Please use httpSend() explicitly for REST delivery.
Realtime send() is automatically falling back to REST API. This behavior will be deprecated in the future. Please use httpSend() explicitly for REST delivery.
[ServerTableEngine] Created for table a4820697-da4c-4659-b715-b4a435eb6e87
Realtime send() is automatically falling back to REST API. This behavior will be deprecated in the future. Please use httpSend() explicitly for REST delivery.
Realtime send() is automatically falling back to REST API. This behavior will be deprecated in the future. Please use httpSend() explicitly for REST delivery.
Realtime send() is automatically falling back to REST API. This behavior will be deprecated in the future. Please use httpSend() explicitly for REST delivery.
Realtime send() is automatically falling back to REST API. This behavior will be deprecated in the future. Please use httpSend() explicitly for REST delivery.
[ServerTableEngine:78241b26-ae6d-40f2-8d32-c777846ff975] Hand #2 — 3 players
[ServerTableEngine:4ffddf60-ae34-443b-a5d0-d1c97a801c3e] Hand #1 — 3 players
Realtime send() is automatically falling back to REST API. This behavior will be deprecated in the future. Please use httpSend() explicitly for REST delivery.
Realtime send() is automatically falling back to REST API. This behavior will be deprecated in the future. Please use httpSend() explicitly for REST delivery.
[ServerTableEngine:860ac501-c973-41aa-8418-f78b62ca4fac] Hand #2 — 3 players
Realtime send() is automatically falling back to REST API. This behavior will be deprecated in the future. Please use httpSend() explicitly for REST delivery.
Realtime send() is automatically falling back to REST API. This behavior will be deprecated in the future. Please use httpSend() explicitly for REST delivery.
Realtime send() is automatically falling back to REST API. This behavior will be deprecated in the future. Please use httpSend() explicitly for REST delivery.
Realtime send() is automatically falling back to REST API. This behavior will be deprecated in the future. Please use httpSend() explicitly for REST delivery.
Realtime send() is automatically falling back to REST API. This behavior will be deprecated in the future. Please use httpSend() explicitly for REST delivery.
Realtime send() is automatically falling back to REST API. This behavior will be deprecated in the future. Please use httpSend() explicitly for REST delivery.
Realtime send() is automatically falling back to REST API. This behavior will be deprecated in the future. Please use httpSend() explicitly for REST delivery.
Realtime send() is automatically falling back to REST API. This behavior will be deprecated in the future. Please use httpSend() explicitly for REST delivery.
[ServerTableEngine] Created for table a0ff18c0-21b8-4cb9-b336-6df198f4528c
[ServerTableEngine:045104eb-5ff3-4557-9926-873c01006bb3] Hand #2 — 3 players
[ServerTableEngine:7870a117-b0a9-477c-bac5-e5823acee221] Hand #1 — 3 players
Realtime send() is automatically falling back to REST API. This behavior will be deprecated in the future. Please use httpSend() explicitly for REST delivery.
Realtime send() is automatically falling back to REST API. This behavior will be deprecated in the future. Please use httpSend() explicitly for REST delivery.
[AutoRebuyService] Failed to refill wallet for DarkTunnel: new row for relation "wallet_transactions" violates check constraint "wallet_transactions_category_check"
[ServerTableEngine:5cc6aa08-8c8d-4389-b0f6-9a01f6aa4264] Hand #2 — 3 players
[ServerTableEngine:61b67633-d7f5-4ebe-9f8e-906b03880845] Hand #2 — 3 players
[ServerTableEngine:88e94483-d71a-4c7f-9f98-4f1c24d2bc2f] Hand #2 — 3 players
Realtime send() is automatically falling back to REST API. This behavior will be deprecated in the future. Please use httpSend() explicitly for REST delivery.
Realtime send() is automatically falling back to REST API. This behavior will be deprecated in the future. Please use httpSend() explicitly for REST delivery.
Realtime send() is automatically falling back to REST API. This behavior will be deprecated in the future. Please use httpSend() explicitly for REST delivery.
[ServerTableEngine] Created for table 244902e2-9416-433a-a77a-a23d05a2da44
Realtime send() is automatically falling back to REST API. This behavior will be deprecated in the future. Please use httpSend() explicitly for REST delivery.
Realtime send() is automatically falling back to REST API. This behavior will be deprecated in the future. Please use httpSend() explicitly for REST delivery.
[ServerTableEngine:cbdc4179-63e5-456d-b58d-5d9b753805c5] Hand #1 — 9 players
Realtime send() is automatically falling back to REST API. This behavior will be deprecated in the future. Please use httpSend() explicitly for REST delivery.
Realtime send() is automatically falling back to REST API. This behavior will be deprecated in the future. Please use httpSend() explicitly for REST delivery.
[ServerTableEngine:bbdba032-1cde-4a9d-b136-93ff07076b17] Hand #2 — 3 players
Realtime send() is automatically falling back to REST API. This behavior will be deprecated in the future. Please use httpSend() explicitly for REST delivery.
Realtime send() is automatically falling back to REST API. This behavior will be deprecated in the future. Please use httpSend() explicitly for REST delivery.
[ServerTableEngine:05b8c9b0-000b-41f7-a2b5-c0e55f26f674] Hand #2 — 3 players
Realtime send() is automatically falling back to REST API. This behavior will be deprecated in the future. Please use httpSend() explicitly for REST delivery.
Realtime send() is automatically falling back to REST API. This behavior will be deprecated in the future. Please use httpSend() explicitly for REST delivery.
Realtime send() is automatically falling back to REST API. This behavior will be deprecated in the future. Please use httpSend() explicitly for REST delivery.
Realtime send() is automatically falling back to REST API. This behavior will be deprecated in the future. Please use httpSend() explicitly for REST delivery.
Realtime send() is automatically falling back to REST API. This behavior will be deprecated in the future. Please use httpSend() explicitly for REST delivery.
Realtime send() is automatically falling back to REST API. This behavior will be deprecated in the future. Please use httpSend() explicitly for REST delivery.
Realtime send() is automatically falling back to REST API. This behavior will be deprecated in the future. Please use httpSend() explicitly for REST delivery.
Realtime send() is automatically falling back to REST API. This behavior will be deprecated in the future. Please use httpSend() explicitly for REST delivery.
Realtime send() is automatically falling back to REST API. This behavior will be deprecated in the future. Please use httpSend() explicitly for REST delivery.
Realtime send() is automatically falling back to REST API. This behavior will be deprecated in the future. Please use httpSend() explicitly for REST delivery.
Realtime send() is automatically falling back to REST API. This behavior will be deprecated in the future. Please use httpSend() explicitly for REST delivery.
Realtime send() is automatically falling back to REST API. This behavior will be deprecated in the future. Please use httpSend() explicitly for REST delivery.
Realtime send() is automatically falling back to REST API. This behavior will be deprecated in the future. Please use httpSend() explicitly for REST delivery.
Realtime send() is automatically falling back to REST API. This behavior will be deprecated in the future. Please use httpSend() explicitly for REST delivery.
Realtime send() is automatically falling back to REST API. This behavior will be deprecated in the future. Please use httpSend() explicitly for REST delivery.
Realtime send() is automatically falling back to REST API. This behavior will be deprecated in the future. Please use httpSend() explicitly for REST delivery.
Realtime send() is automatically falling back to REST API. This behavior will be deprecated in the future. Please use httpSend() explicitly for REST delivery.
[ServerTableEngine:58ddfc43-97a9-4e19-91bb-f5b4c0c2d688] Hand #2 — 3 players
[ServerTableEngine:8fd6f328-65ef-4d19-9dc2-609dd7afbede] Hand #2 — 6 players
Realtime send() is automatically falling back to REST API. This behavior will be deprecated in the future. Please use httpSend() explicitly for REST delivery.
Realtime send() is automatically falling back to REST API. This behavior will be deprecated in the future. Please use httpSend() explicitly for REST delivery.
Realtime send() is automatically falling back to REST API. This behavior will be deprecated in the future. Please use httpSend() explicitly for REST delivery.
Realtime send() is automatically falling back to REST API. This behavior will be deprecated in the future. Please use httpSend() explicitly for REST delivery.
[ServerTableEngine:64450dbd-5849-4559-8b8c-9bb4ceb3a82f] Hand #2 — 3 players
[ServerTableEngine:4c1f3c83-e365-4211-bca1-0db75b49380c] Hand #2 — 3 players
Realtime send() is automatically falling back to REST API. This behavior will be deprecated in the future. Please use httpSend() explicitly for REST delivery.
Realtime send() is automatically falling back to REST API. This behavior will be deprecated in the future. Please use httpSend() explicitly for REST delivery.
Realtime send() is automatically falling back to REST API. This behavior will be deprecated in the future. Please use httpSend() explicitly for REST delivery.
[ServerTableEngine:8dea3470-e60e-47a7-b053-b41474bb85b4] Hand #1 — 6 players
Realtime send() is automatically falling back to REST API. This behavior will be deprecated in the future. Please use httpSend() explicitly for REST delivery.
Realtime send() is automatically falling back to REST API. This behavior will be deprecated in the future. Please use httpSend() explicitly for REST delivery.
Realtime send() is automatically falling back to REST API. This behavior will be deprecated in the future. Please use httpSend() explicitly for REST delivery.
Realtime send() is automatically falling back to REST API. This behavior will be deprecated in the future. Please use httpSend() explicitly for REST delivery.
[ServerTableEngine:8f35a024-0ccd-4f33-aaef-60cc96c9021c] Hand #2 — 3 players
[ServerTableEngine:64bbd57b-9e90-4324-91c2-39ccea72361b] Hand #2 — 3 players
[ServerTableEngine:a0f9fbcd-98b4-41df-ab03-a6171d4d78ac] Hand #2 — 6 players
Realtime send() is automatically falling back to REST API. This behavior will be deprecated in the future. Please use httpSend() explicitly for REST delivery.
Realtime send() is automatically falling back to REST API. This behavior will be deprecated in the future. Please use httpSend() explicitly for REST delivery.
Realtime send() is automatically falling back to REST API. This behavior will be deprecated in the future. Please use httpSend() explicitly for REST delivery.
Realtime send() is automatically falling back to REST API. This behavior will be deprecated in the future. Please use httpSend() explicitly for REST delivery.
[ServerTableEngine:c1d2ed40-1b47-41b1-9f66-edd02af17d92] Hand #1 — 6 players
Realtime send() is automatically falling back to REST API. This behavior will be deprecated in the future. Please use httpSend() explicitly for REST delivery.
Realtime send() is automatically falling back to REST API. This behavior will be deprecated in the future. Please use httpSend() explicitly for REST delivery.
[ServerTableEngine:f1aa4f50-e7f0-4198-a1d5-1ce9a61f6e78] Hand #1 — 6 players
Realtime send() is automatically falling back to REST API. This behavior will be deprecated in the future. Please use httpSend() explicitly for REST delivery.
Realtime send() is automatically falling back to REST API. This behavior will be deprecated in the future. Please use httpSend() explicitly for REST delivery.
[ServerTableEngine:b2d101d2-b5f7-4f68-8bed-7441648d864a] Hand #2 — 3 players
[AutoRebuyService] Failed to refill wallet for DeadMoney: new row for relation "wallet_transactions" violates check constraint "wallet_transactions_category_check"
[ServerTableEngine] Created for table 582890c0-be60-4421-bb44-3f959cec733f
[ServerTableEngine:ee7482b5-cd40-4713-81c2-5300110a394c] Hand #2 — 3 players
Realtime send() is automatically falling back to REST API. This behavior will be deprecated in the future. Please use httpSend() explicitly for REST delivery.
Realtime send() is automatically falling back to REST API. This behavior will be deprecated in the future. Please use httpSend() explicitly for REST delivery.
Realtime send() is automatically falling back to REST API. This behavior will be deprecated in the future. Please use httpSend() explicitly for REST delivery.
Realtime send() is automatically falling back to REST API. This behavior will be deprecated in the future. Please use httpSend() explicitly for REST delivery.
Realtime send() is automatically falling back to REST API. This behavior will be deprecated in the future. Please use httpSend() explicitly for REST delivery.
Realtime send() is automatically falling back to REST API. This behavior will be deprecated in the future. Please use httpSend() explicitly for REST delivery.
Realtime send() is automatically falling back to REST API. This behavior will be deprecated in the future. Please use httpSend() explicitly for REST delivery.
Realtime send() is automatically falling back to REST API. This behavior will be deprecated in the future. Please use httpSend() explicitly for REST delivery.
Realtime send() is automatically falling back to REST API. This behavior will be deprecated in the future. Please use httpSend() explicitly for REST delivery.
Realtime send() is automatically falling back to REST API. This behavior will be deprecated in the future. Please use httpSend() explicitly for REST delivery.
[ServerTableEngine:b156cf3a-524c-4c6d-b879-613ade1e6c04] Hand #2 — 3 players
[ServerTableEngine:a8eaa976-fb15-46f2-8607-c323352e4e64] Hand #2 — 3 players
[ServerTableEngine:581087a7-a06a-4c3f-9dff-ea6cea988f40] Hand #2 — 3 players
[ServerTableEngine:d12ba23c-6ec8-40e3-ba7f-803135494d21] Hand #2 — 3 players
[ServerTableEngine:adebc6f8-6ac7-4718-a9e6-764f43e4d0a0] Hand #2 — 3 players
Realtime send() is automatically falling back to REST API. This behavior will be deprecated in the future. Please use httpSend() explicitly for REST delivery.
Realtime send() is automatically falling back to REST API. This behavior will be deprecated in the future. Please use httpSend() explicitly for REST delivery.
[ServerTableEngine:1217032c-8eba-4817-a27d-cc9ac9d03ee4] Hand #2 — 6 players
[ServerTableEngine:47cbe4e3-128c-4765-80ad-592ab11336fa] Hand #2 — 6 players
Realtime send() is automatically falling back to REST API. This behavior will be deprecated in the future. Please use httpSend() explicitly for REST delivery.
Realtime send() is automatically falling back to REST API. This behavior will be deprecated in the future. Please use httpSend() explicitly for REST delivery.
[ServerTableEngine:d09ff603-6be6-4660-98c2-214911cfdd23] Hand #1 — 6 players
Realtime send() is automatically falling back to REST API. This behavior will be deprecated in the future. Please use httpSend() explicitly for REST delivery.
Realtime send() is automatically falling back to REST API. This behavior will be deprecated in the future. Please use httpSend() explicitly for REST delivery.
Realtime send() is automatically falling back to REST API. This behavior will be deprecated in the future. Please use httpSend() explicitly for REST delivery.
Realtime send() is automatically falling back to REST API. This behavior will be deprecated in the future. Please use httpSend() explicitly for REST delivery.
[ServerTableEngine:44522b9b-2ce8-498c-aab4-7b60a0b7e05e] Hand #2 — 3 players
[ServerTableEngine:51acdf13-3161-4110-81f0-7e4b693c698c] Hand #2 — 3 players
Realtime send() is automatically falling back to REST API. This behavior will be deprecated in the future. Please use httpSend() explicitly for REST delivery.
Realtime send() is automatically falling back to REST API. This behavior will be deprecated in the future. Please use httpSend() explicitly for REST delivery.
[ServerTableEngine:e735c902-25c3-47f7-b44c-a7aff956a299] Hand #2 — 3 players
[AutoRebuyService] Failed to refill wallet for Diamond Dan: new row for relation "wallet_transactions" violates check constraint "wallet_transactions_category_check"
Realtime send() is automatically falling back to REST API. This behavior will be deprecated in the future. Please use httpSend() explicitly for REST delivery.
Realtime send() is automatically falling back to REST API. This behavior will be deprecated in the future. Please use httpSend() explicitly for REST delivery.
Realtime send() is automatically falling back to REST API. This behavior will be deprecated in the future. Please use httpSend() explicitly for REST delivery.
Realtime send() is automatically falling back to REST API. This behavior will be deprecated in the future. Please use httpSend() explicitly for REST delivery.
[ServerTableEngine:f745dee7-4ab2-4333-9e73-03f4a3b125df] Hand #2 — 4 players
[ServerTableEngine:4d1a5c8b-f400-4786-a06a-8cd499eaf53b] Hand #2 — 6 players
[ServerTableEngine:6589a0f7-5445-4dc9-a80e-71905059f8e9] Hand #2 — 6 players
[ServerTableEngine:dde7b281-e271-4814-b826-0e28a8c9f066] Hand #2 — 9 players
[ServerTableEngine:efcb6978-2d83-4f39-841d-67963a92cca5] Hand #2 — 6 players
[ServerTableEngine:ae2a39ce-d3fc-44b2-9dfc-cf80ea747a52] Hand #2 — 3 players
[ServerTableEngine:0a9d4545-8601-4a1c-a44b-77d422020ccf] Hand #2 — 6 players
[ServerTableEngine:c413409f-10a9-4505-a872-3d018df77da8] Hand #2 — 3 players
[ServerTableEngine:68ec1a91-be42-4f69-b96c-b53863ba8fe1] Hand #2 — 5 players
[ServerTableEngine:b551c3e2-f960-4d05-950a-15f7d7a1459a] Hand #2 — 6 players
[ServerTableEngine:52063ae9-a7b3-463f-a317-d6f2c121b0eb] Hand #2 — 7 players
[ServerTableEngine:7a69999d-c748-46d7-8f53-166656497121] Hand #3 — 3 players
[AutoRebuyService] Failed to refill wallet for DoubleBarrel: new row for relation "wallet_transactions" violates check constraint "wallet_transactions_category_check"
[ServerTableEngine:710990dc-79b1-4ced-a813-4caea926540a] Hand #2 — 6 players
[ServerTableEngine:63d18de5-548b-4493-b593-9e0c4159c22f] Hand #2 — 6 players
[ServerTableEngine:dec4feb1-a7e6-495b-a694-28144278e4a0] Starting...
[Tournament:5b31afbb] RUNNING — 1 tables
[GameServer] Starting tournament: 1 Chip Spin NLH (2x) (full (3/3))
[Tournament:16bea7d6] Starting...
[GameServer] Starting tournament: 5 Chip Turbo SNG 6-Max NLH (full (6/6))
[Tournament:43743e07] Starting...
[GameServer] Starting tournament: 3 Chip Spin NLH (2x) (full (3/3))
[Tournament:dc3cda8d] Starting...
[GameServer] Starting tournament: 10 Chip SNG 9-Max NLH (full (9/9))
[Tournament:4c86092e] Starting...
[GameServer] Starting tournament: 5 Chip Spin PLO4 (2x) (full (3/3))
[Tournament:2dd999ef] Starting...
[GameServer] Starting tournament: 1 Chip Spin NLH (2x) (full (3/3))
[Tournament:2b3ae6fd] Starting...
[ServerTableEngine:ced295ae-cc48-4794-9bb7-77cd7ed8603d] Hand #2 — 6 players
[ServerTableEngine:c9987459-ed73-415a-8b28-c899d12fd741] Starting...
[Tournament:040d8414] RUNNING — 1 tables
[ServerTableEngine:09c70f92-4a39-4e09-96d3-ec1897d8fed5] Starting...
[Tournament:1ea231c5] RUNNING — 1 tables
[ServerTableEngine:1a0e3517-3ba1-4516-ab61-dc9cfffe53f4] Hand #2 — 8 players
[ServerTableEngine:9d4ed068-329b-4dd0-be28-3f7f81476cfb] Hand #1 — 6 players
Realtime send() is automatically falling back to REST API. This behavior will be deprecated in the future. Please use httpSend() explicitly for REST delivery.
Realtime send() is automatically falling back to REST API. This behavior will be deprecated in the future. Please use httpSend() explicitly for REST delivery.
Realtime send() is automatically falling back to REST API. This behavior will be deprecated in the future. Please use httpSend() explicitly for REST delivery.
Realtime send() is automatically falling back to REST API. This behavior will be deprecated in the future. Please use httpSend() explicitly for REST delivery.
Realtime send() is automatically falling back to REST API. This behavior will be deprecated in the future. Please use httpSend() explicitly for REST delivery.
Realtime send() is automatically falling back to REST API. This behavior will be deprecated in the future. Please use httpSend() explicitly for REST delivery.
[AutoRebuyService] Failed to refill wallet for DrawingSlim: new row for relation "wallet_transactions" violates check constraint "wallet_transactions_category_check"
Realtime send() is automatically falling back to REST API. This behavior will be deprecated in the future. Please use httpSend() explicitly for REST delivery.
Realtime send() is automatically falling back to REST API. This behavior will be deprecated in the future. Please use httpSend() explicitly for REST delivery.
Realtime send() is automatically falling back to REST API. This behavior will be deprecated in the future. Please use httpSend() explicitly for REST delivery.
Realtime send() is automatically falling back to REST API. This behavior will be deprecated in the future. Please use httpSend() explicitly for REST delivery.
Realtime send() is automatically falling back to REST API. This behavior will be deprecated in the future. Please use httpSend() explicitly for REST delivery.
Realtime send() is automatically falling back to REST API. This behavior will be deprecated in the future. Please use httpSend() explicitly for REST delivery.
[ServerTableEngine:045104eb-5ff3-4557-9926-873c01006bb3] Hand #3 — 3 players
Realtime send() is automatically falling back to REST API. This behavior will be deprecated in the future. Please use httpSend() explicitly for REST delivery.
Realtime send() is automatically falling back to REST API. This behavior will be deprecated in the future. Please use httpSend() explicitly for REST delivery.
Realtime send() is automatically falling back to REST API. This behavior will be deprecated in the future. Please use httpSend() explicitly for REST delivery.
[ServerTableEngine:fb2ff9b6-becc-4135-b2e3-871b78dad999] Hand #1 — 6 players
Realtime send() is automatically falling back to REST API. This behavior will be deprecated in the future. Please use httpSend() explicitly for REST delivery.
Realtime send() is automatically falling back to REST API. This behavior will be deprecated in the future. Please use httpSend() explicitly for REST delivery.
[ServerTableEngine:2f24286b-104e-4044-81b2-59ae7ed96be8] Hand #3 — 3 players
[Tournament:c862077c] FINAL TABLE reached with 3 players
Realtime send() is automatically falling back to REST API. This behavior will be deprecated in the future. Please use httpSend() explicitly for REST delivery.
[ServerTableEngine:860ac501-c973-41aa-8418-f78b62ca4fac] Hand #3 — 3 players
Realtime send() is automatically falling back to REST API. This behavior will be deprecated in the future. Please use httpSend() explicitly for REST delivery.
Realtime send() is automatically falling back to REST API. This behavior will be deprecated in the future. Please use httpSend() explicitly for REST delivery.
[ServerTableEngine:78241b26-ae6d-40f2-8d32-c777846ff975] Hand #3 — 3 players
[TournamentRecurring] Launched 5 Spins
Realtime send() is automatically falling back to REST API. This behavior will be deprecated in the future. Please use httpSend() explicitly for REST delivery.
Realtime send() is automatically falling back to REST API. This behavior will be deprecated in the future. Please use httpSend() explicitly for REST delivery.
[ServerTableEngine:a9de207b-7f9f-44ad-95c9-9969ab4a772a] Hand #2 — 8 players
[ServerTableEngine:4ffddf60-ae34-443b-a5d0-d1c97a801c3e] Hand #2 — 3 players
[Tournament:68152b1e] FINAL TABLE reached with 3 players
Realtime send() is automatically falling back to REST API. This behavior will be deprecated in the future. Please use httpSend() explicitly for REST delivery.
Realtime send() is automatically falling back to REST API. This behavior will be deprecated in the future. Please use httpSend() explicitly for REST delivery.
Realtime send() is automatically falling back to REST API. This behavior will be deprecated in the future. Please use httpSend() explicitly for REST delivery.
[Tournament:680a2000] FINAL TABLE reached with 3 players
Realtime send() is automatically falling back to REST API. This behavior will be deprecated in the future. Please use httpSend() explicitly for REST delivery.
[Tournament:e0dde867] FINAL TABLE reached with 3 players
Realtime send() is automatically falling back to REST API. This behavior will be deprecated in the future. Please use httpSend() explicitly for REST delivery.
[Tournament:2dbdd6eb] FINAL TABLE reached with 3 players
Realtime send() is automatically falling back to REST API. This behavior will be deprecated in the future. Please use httpSend() explicitly for REST delivery.
[AutoRebuyService] Failed to refill wallet for EarlyPosition: new row for relation "wallet_transactions" violates check constraint "wallet_transactions_category_check"
Realtime send() is automatically falling back to REST API. This behavior will be deprecated in the future. Please use httpSend() explicitly for REST delivery.
Realtime send() is automatically falling back to REST API. This behavior will be deprecated in the future. Please use httpSend() explicitly for REST delivery.
[ServerTableEngine:cdee7f36-073c-4c80-8b30-2a66edc7786d] Starting...
[Tournament:d6e266c4] RUNNING — 1 tables
[Tournament:f161850d] FINAL TABLE reached with 3 players
Realtime send() is automatically falling back to REST API. This behavior will be deprecated in the future. Please use httpSend() explicitly for REST delivery.
[Tournament:fec7f496] FINAL TABLE reached with 3 players
Realtime send() is automatically falling back to REST API. This behavior will be deprecated in the future. Please use httpSend() explicitly for REST delivery.
[ServerTableEngine:d4c87624-c4f3-441f-8c4d-2be56a25bf20] Hand #2 — 6 players
Realtime send() is automatically falling back to REST API. This behavior will be deprecated in the future. Please use httpSend() explicitly for REST delivery.
Realtime send() is automatically falling back to REST API. This behavior will be deprecated in the future. Please use httpSend() explicitly for REST delivery.
[ServerTableEngine:a4820697-da4c-4659-b715-b4a435eb6e87] Starting...
[Tournament:7f44269d] RUNNING — 1 tables
[Tournament:85e95395] FINAL TABLE reached with 3 players
Realtime send() is automatically falling back to REST API. This behavior will be deprecated in the future. Please use httpSend() explicitly for REST delivery.
[Tournament:83c4ca6f] FINAL TABLE reached with 3 players
Realtime send() is automatically falling back to REST API. This behavior will be deprecated in the future. Please use httpSend() explicitly for REST delivery.
[ServerTableEngine:17197dc1-6a53-44d3-bb40-5ec178b0ff0a] Hand #2 — 9 players
[ServerTableEngine:bbdba032-1cde-4a9d-b136-93ff07076b17] Hand #3 — 3 players
[ServerTableEngine:24ebb8d0-7fe0-4fe6-9e53-e39d4841ce88] Hand #2 — 7 players
[ServerTableEngine:5cc6aa08-8c8d-4389-b0f6-9a01f6aa4264] Hand #3 — 3 players
[Tournament:0386c42d] FINAL TABLE reached with 3 players
Realtime send() is automatically falling back to REST API. This behavior will be deprecated in the future. Please use httpSend() explicitly for REST delivery.
[ServerTableEngine:05b8c9b0-000b-41f7-a2b5-c0e55f26f674] Hand #3 — 3 players
[Tournament:ac73bdaa] FINAL TABLE reached with 3 players
Realtime send() is automatically falling back to REST API. This behavior will be deprecated in the future. Please use httpSend() explicitly for REST delivery.
[Tournament:74364677] FINAL TABLE reached with 3 players
Realtime send() is automatically falling back to REST API. This behavior will be deprecated in the future. Please use httpSend() explicitly for REST delivery.
[ServerTableEngine:4c1f3c83-e365-4211-bca1-0db75b49380c] Hand #3 — 3 players
[Tournament:942fef03] FINAL TABLE reached with 3 players
Realtime send() is automatically falling back to REST API. This behavior will be deprecated in the future. Please use httpSend() explicitly for REST delivery.
[Tournament:e63e3a5f] FINAL TABLE reached with 3 players
Realtime send() is automatically falling back to REST API. This behavior will be deprecated in the future. Please use httpSend() explicitly for REST delivery.
[ServerTableEngine:61b67633-d7f5-4ebe-9f8e-906b03880845] Hand #3 — 3 players
[Tournament:ef486369] FINAL TABLE reached with 3 players
Realtime send() is automatically falling back to REST API. This behavior will be deprecated in the future. Please use httpSend() explicitly for REST delivery.
[Tournament:a66e24f4] FINAL TABLE reached with 3 players
Realtime send() is automatically falling back to REST API. This behavior will be deprecated in the future. Please use httpSend() explicitly for REST delivery.
[ServerTableEngine:a0ff18c0-21b8-4cb9-b336-6df198f4528c] Starting...
[Tournament:c02801c3] RUNNING — 1 tables
[AutoRebuyService] Failed to refill wallet for FastPlay: new row for relation "wallet_transactions" violates check constraint "wallet_transactions_category_check"
[ServerTableEngine:b2d101d2-b5f7-4f68-8bed-7441648d864a] Hand #3 — 3 players
[ServerTableEngine:88e94483-d71a-4c7f-9f98-4f1c24d2bc2f] Hand #3 — 3 players
[ServerTableEngine:64bbd57b-9e90-4324-91c2-39ccea72361b] Hand #3 — 3 players
[ServerTableEngine:b7204285-0961-400f-863c-bb3124cd493a] Hand #2 — 6 players
[ServerTableEngine:ee7482b5-cd40-4713-81c2-5300110a394c] Hand #3 — 3 players
[Tournament:dc3cda8d] SPIN MULTIPLIER: 2x — Prize Pool: 6
[ServerTableEngine:7870a117-b0a9-477c-bac5-e5823acee221] Hand #2 — 3 players
[Tournament:77727c10] FINAL TABLE reached with 3 players
Realtime send() is automatically falling back to REST API. This behavior will be deprecated in the future. Please use httpSend() explicitly for REST delivery.
[Tournament:16bea7d6] SPIN MULTIPLIER: 2x — Prize Pool: 2
[Tournament:b6701198] FINAL TABLE reached with 3 players
Realtime send() is automatically falling back to REST API. This behavior will be deprecated in the future. Please use httpSend() explicitly for REST delivery.
[Tournament:bf725ac7] FINAL TABLE reached with 3 players
Realtime send() is automatically falling back to REST API. This behavior will be deprecated in the future. Please use httpSend() explicitly for REST delivery.
[ServerTableEngine:d12ba23c-6ec8-40e3-ba7f-803135494d21] Hand #3 — 3 players
[ServerTableEngine:58ddfc43-97a9-4e19-91bb-f5b4c0c2d688] Hand #3 — 3 players
[ServerTableEngine:44522b9b-2ce8-498c-aab4-7b60a0b7e05e] Hand #3 — 3 players
[AutoRebuyService] Failed to refill wallet for FeltFlush: new row for relation "wallet_transactions" violates check constraint "wallet_transactions_category_check"
[ServerTableEngine:f1aa4f50-e7f0-4198-a1d5-1ce9a61f6e78] Hand #2 — 6 players
[Tournament:1758f0ea] FINAL TABLE reached with 3 players
Realtime send() is automatically falling back to REST API. This behavior will be deprecated in the future. Please use httpSend() explicitly for REST delivery.
[ServerTableEngine:51acdf13-3161-4110-81f0-7e4b693c698c] Hand #3 — 3 players
[ServerTableEngine:cbdc4179-63e5-456d-b58d-5d9b753805c5] Hand #2 — 9 players
[ServerTableEngine:a8eaa976-fb15-46f2-8607-c323352e4e64] Hand #3 — 3 players
[ServerTableEngine:f745dee7-4ab2-4333-9e73-03f4a3b125df] Hand #3 — 4 players
[ServerTableEngine:582890c0-be60-4421-bb44-3f959cec733f] Starting...
[Tournament:4b35eb03] RUNNING — 1 tables
[ServerTableEngine:b156cf3a-524c-4c6d-b879-613ade1e6c04] Hand #3 — 3 players
[Tournament:0f315a93] FINAL TABLE reached with 3 players
Realtime send() is automatically falling back to REST API. This behavior will be deprecated in the future. Please use httpSend() explicitly for REST delivery.
[ServerTableEngine:adebc6f8-6ac7-4718-a9e6-764f43e4d0a0] Hand #3 — 3 players
[Tournament:4206ef95] FINAL TABLE reached with 3 players
Realtime send() is automatically falling back to REST API. This behavior will be deprecated in the future. Please use httpSend() explicitly for REST delivery.
[ServerTableEngine:a0f9fbcd-98b4-41df-ab03-a6171d4d78ac] Hand #3 — 6 players
[ServerTableEngine:581087a7-a06a-4c3f-9dff-ea6cea988f40] Hand #3 — 3 players
[ServerTableEngine:1217032c-8eba-4817-a27d-cc9ac9d03ee4] Hand #3 — 6 players
[Tournament:ff9c4323] FINAL TABLE reached with 3 players
Realtime send() is automatically falling back to REST API. This behavior will be deprecated in the future. Please use httpSend() explicitly for REST delivery.
[ServerTableEngine:64450dbd-5849-4559-8b8c-9bb4ceb3a82f] Hand #3 — 3 players
[Tournament:e35e2c25] FINAL TABLE reached with 3 players
Realtime send() is automatically falling back to REST API. This behavior will be deprecated in the future. Please use httpSend() explicitly for REST delivery.
[Tournament:15086bf1] FINAL TABLE reached with 3 players
Realtime send() is automatically falling back to REST API. This behavior will be deprecated in the future. Please use httpSend() explicitly for REST delivery.
[ServerTableEngine:ae2a39ce-d3fc-44b2-9dfc-cf80ea747a52] Hand #3 — 3 players
[ServerTableEngine:e735c902-25c3-47f7-b44c-a7aff956a299] Hand #3 — 3 players
[ServerTableEngine:8f35a024-0ccd-4f33-aaef-60cc96c9021c] Hand #3 — 3 players
[ServerTableEngine:c413409f-10a9-4505-a872-3d018df77da8] Hand #3 — 3 players
[ServerTableEngine:47cbe4e3-128c-4765-80ad-592ab11336fa] Hand #3 — 6 players
[Tournament:f03b96fe] FINAL TABLE reached with 3 players
Realtime send() is automatically falling back to REST API. This behavior will be deprecated in the future. Please use httpSend() explicitly for REST delivery.
[AutoRebuyService] Failed to refill wallet for FishFinder: new row for relation "wallet_transactions" violates check constraint "wallet_transactions_category_check"
[TournamentRecurring] Launched 3 SNGs
[Tournament:5478f76a] FINAL TABLE reached with 4 players
Realtime send() is automatically falling back to REST API. This behavior will be deprecated in the future. Please use httpSend() explicitly for REST delivery.
[ServerTableEngine:710990dc-79b1-4ced-a813-4caea926540a] Hand #3 — 6 players
[Tournament:2742e1ab] FINAL TABLE reached with 6 players
Realtime send() is automatically falling back to REST API. This behavior will be deprecated in the future. Please use httpSend() explicitly for REST delivery.
[ServerTableEngine:7a69999d-c748-46d7-8f53-166656497121] Hand #4 — 2 players
[Tournament:538af9ff] FINAL TABLE reached with 6 players
Realtime send() is automatically falling back to REST API. This behavior will be deprecated in the future. Please use httpSend() explicitly for REST delivery.
[Tournament:5f6dafd8] FINAL TABLE reached with 6 players
Realtime send() is automatically falling back to REST API. This behavior will be deprecated in the future. Please use httpSend() explicitly for REST delivery.
[Tournament:96667661] FINAL TABLE reached with 6 players
Realtime send() is automatically falling back to REST API. This behavior will be deprecated in the future. Please use httpSend() explicitly for REST delivery.
[Tournament:832a73ce] FINAL TABLE reached with 6 players
Realtime send() is automatically falling back to REST API. This behavior will be deprecated in the future. Please use httpSend() explicitly for REST delivery.
[ServerTableEngine:d99ec78b-249a-4320-b73a-e9f5b07d87e0] Starting...
[ServerTableEngine:4000c485-fb76-45e7-9286-983c547c3cd7] Starting...
[Tournament:7b7676c0] RUNNING — 2 tables
[Tournament:a97870dc] FINAL TABLE reached with 3 players
Realtime send() is automatically falling back to REST API. This behavior will be deprecated in the future. Please use httpSend() explicitly for REST delivery.
[ServerTableEngine:4d1a5c8b-f400-4786-a06a-8cd499eaf53b] Hand #3 — 6 players
[ServerTableEngine:045104eb-5ff3-4557-9926-873c01006bb3] Hand #4 — 3 players
[ServerTableEngine:efcb6978-2d83-4f39-841d-67963a92cca5] Hand #3 — 6 players
[ServerTableEngine:ced295ae-cc48-4794-9bb7-77cd7ed8603d] Hand #3 — 6 players
[ServerTableEngine:78241b26-ae6d-40f2-8d32-c777846ff975] Hand #4 — 3 players
[ServerTableEngine:4ffddf60-ae34-443b-a5d0-d1c97a801c3e] Hand #3 — 3 players
[Tournament:2b3ae6fd] SPIN MULTIPLIER: 2x — Prize Pool: 2
[AutoRebuyService] Failed to refill wallet for FloatPlay: new row for relation "wallet_transactions" violates check constraint "wallet_transactions_category_check"
[ServerTableEngine:8dea3470-e60e-47a7-b053-b41474bb85b4] Hand #2 — 6 players
[ServerTableEngine:860ac501-c973-41aa-8418-f78b62ca4fac] Hand #4 — 3 players
[Tournament:c5733a7d] FINAL TABLE reached with 3 players
Realtime send() is automatically falling back to REST API. This behavior will be deprecated in the future. Please use httpSend() explicitly for REST delivery.
[Tournament:03a9d6f4] FINAL TABLE reached with 6 players
Realtime send() is automatically falling back to REST API. This behavior will be deprecated in the future. Please use httpSend() explicitly for REST delivery.
[ServerTableEngine:c1d2ed40-1b47-41b1-9f66-edd02af17d92] Hand #2 — 6 players
[ServerTableEngine:8fd6f328-65ef-4d19-9dc2-609dd7afbede] Hand #3 — 6 players
[Tournament:04245760] FINAL TABLE reached with 3 players
Realtime send() is automatically falling back to REST API. This behavior will be deprecated in the future. Please use httpSend() explicitly for REST delivery.
[ServerTableEngine:52063ae9-a7b3-463f-a317-d6f2c121b0eb] Hand #3 — 7 players
[Tournament:ca197763] FINAL TABLE reached with 6 players
Realtime send() is automatically falling back to REST API. This behavior will be deprecated in the future. Please use httpSend() explicitly for REST delivery.
[ServerTableEngine] Created for table 46a0ca98-eb64-44de-8a41-8cfb1edf8fde
[TournamentRecurring] Launched: "Brunch Special PKO (PLO8)" (15 horses)
[ServerTableEngine:6589a0f7-5445-4dc9-a80e-71905059f8e9] Hand #3 — 6 players
[ServerTableEngine:c9987459-ed73-415a-8b28-c899d12fd741] Hand #1 — 9 players
Realtime send() is automatically falling back to REST API. This behavior will be deprecated in the future. Please use httpSend() explicitly for REST delivery.
Realtime send() is automatically falling back to REST API. This behavior will be deprecated in the future. Please use httpSend() explicitly for REST delivery.
[ServerTableEngine:61b67633-d7f5-4ebe-9f8e-906b03880845] Hand #4 — 3 players
[Tournament:9b6a2390] FINAL TABLE reached with 5 players
Realtime send() is automatically falling back to REST API. This behavior will be deprecated in the future. Please use httpSend() explicitly for REST delivery.
[ServerTableEngine:5cc6aa08-8c8d-4389-b0f6-9a01f6aa4264] Hand #4 — 3 players
[ServerTableEngine:9d4ed068-329b-4dd0-be28-3f7f81476cfb] Hand #2 — 6 players
Realtime send() is automatically falling back to REST API. This behavior will be deprecated in the future. Please use httpSend() explicitly for REST delivery.
Realtime send() is automatically falling back to REST API. This behavior will be deprecated in the future. Please use httpSend() explicitly for REST delivery.
[ServerTableEngine:4c1f3c83-e365-4211-bca1-0db75b49380c] Hand #4 — 3 players
[ServerTableEngine:dde7b281-e271-4814-b826-0e28a8c9f066] Hand #3 — 9 players
Realtime send() is automatically falling back to REST API. This behavior will be deprecated in the future. Please use httpSend() explicitly for REST delivery.
Realtime send() is automatically falling back to REST API. This behavior will be deprecated in the future. Please use httpSend() explicitly for REST delivery.
[ServerTableEngine:bbdba032-1cde-4a9d-b136-93ff07076b17] Hand #4 — 3 players
Realtime send() is automatically falling back to REST API. This behavior will be deprecated in the future. Please use httpSend() explicitly for REST delivery.
Realtime send() is automatically falling back to REST API. This behavior will be deprecated in the future. Please use httpSend() explicitly for REST delivery.
[ServerTableEngine:fb2ff9b6-becc-4135-b2e3-871b78dad999] Hand #2 — 6 players
Realtime send() is automatically falling back to REST API. This behavior will be deprecated in the future. Please use httpSend() explicitly for REST delivery.
Realtime send() is automatically falling back to REST API. This behavior will be deprecated in the future. Please use httpSend() explicitly for REST delivery.
[ServerTableEngine:d09ff603-6be6-4660-98c2-214911cfdd23] Hand #2 — 6 players
[ServerTableEngine:b2d101d2-b5f7-4f68-8bed-7441648d864a] Hand #4 — 3 players
[AutoRebuyService] Failed to refill wallet for FlopMonster: new row for relation "wallet_transactions" violates check constraint "wallet_transactions_category_check"
Realtime send() is automatically falling back to REST API. This behavior will be deprecated in the future. Please use httpSend() explicitly for REST delivery.
Realtime send() is automatically falling back to REST API. This behavior will be deprecated in the future. Please use httpSend() explicitly for REST delivery.
[ServerTableEngine:244902e2-9416-433a-a77a-a23d05a2da44] Starting...
[Tournament:30a4e378] RUNNING — 1 tables
[ServerTableEngine] Created for table e8676ed2-08b5-4afd-a318-a87b451879ac
[Tournament:1698d392] FINAL TABLE reached with 6 players
Realtime send() is automatically falling back to REST API. This behavior will be deprecated in the future. Please use httpSend() explicitly for REST delivery.
[GameServer] Starting tournament: 5 Chip Turbo SNG 6-Max PLO4 (full (6/6))
[Tournament:2ca7bdb6] Starting...
[GameServer] Starting tournament: 3 Chip Spin NLH (2x) (full (3/3))
[Tournament:8ef32bef] Starting...
[Tournament:a148ecb6] FINAL TABLE reached with 6 players
Realtime send() is automatically falling back to REST API. This behavior will be deprecated in the future. Please use httpSend() explicitly for REST delivery.
[Tournament:7b836edb] FINAL TABLE reached with 6 players
Realtime send() is automatically falling back to REST API. This behavior will be deprecated in the future. Please use httpSend() explicitly for REST delivery.
[Tournament:03d79b77] FINAL TABLE reached with 6 players
Realtime send() is automatically falling back to REST API. This behavior will be deprecated in the future. Please use httpSend() explicitly for REST delivery.
[ServerTableEngine:7870a117-b0a9-477c-bac5-e5823acee221] Hand #3 — 3 players
[Tournament:28cfed64] FINAL TABLE reached with 6 players
Realtime send() is automatically falling back to REST API. This behavior will be deprecated in the future. Please use httpSend() explicitly for REST delivery.
[ServerTableEngine:b551c3e2-f960-4d05-950a-15f7d7a1459a] Hand #3 — 6 players
[ServerTableEngine:88e94483-d71a-4c7f-9f98-4f1c24d2bc2f] Hand #4 — 3 players
Realtime send() is automatically falling back to REST API. This behavior will be deprecated in the future. Please use httpSend() explicitly for REST delivery.
Realtime send() is automatically falling back to REST API. This behavior will be deprecated in the future. Please use httpSend() explicitly for REST delivery.
[ServerTableEngine] Created for table 1e6c9916-e45b-4b9a-beff-4467ac707b64
[ServerTableEngine:ee7482b5-cd40-4713-81c2-5300110a394c] Hand #4 — 3 players
[ServerTableEngine:24ebb8d0-7fe0-4fe6-9e53-e39d4841ce88] Hand #3 — 7 players
[ServerTableEngine:68ec1a91-be42-4f69-b96c-b53863ba8fe1] Hand #3 — 5 players
[ServerTableEngine:1a0e3517-3ba1-4516-ab61-dc9cfffe53f4] Hand #3 — 8 players
[ServerTableEngine:d12ba23c-6ec8-40e3-ba7f-803135494d21] Hand #4 — 3 players
[ServerTableEngine:63d18de5-548b-4493-b593-9e0c4159c22f] Hand #3 — 6 players
[ServerTableEngine:2f24286b-104e-4044-81b2-59ae7ed96be8] Hand #4 — 3 players
[Tournament:01f3c523] FINAL TABLE reached with 8 players
Realtime send() is automatically falling back to REST API. This behavior will be deprecated in the future. Please use httpSend() explicitly for REST delivery.
[AutoRebuyService] Failed to refill wallet for FoldEquity: new row for relation "wallet_transactions" violates check constraint "wallet_transactions_category_check"
[ServerTableEngine:cdee7f36-073c-4c80-8b30-2a66edc7786d] Hand #1 — 3 players
Realtime send() is automatically falling back to REST API. This behavior will be deprecated in the future. Please use httpSend() explicitly for REST delivery.
Realtime send() is automatically falling back to REST API. This behavior will be deprecated in the future. Please use httpSend() explicitly for REST delivery.
[ServerTableEngine:64bbd57b-9e90-4324-91c2-39ccea72361b] Hand #4 — 3 players
[ServerTableEngine] Created for table 7b2c1749-ca6d-4b0d-a5ae-6b629a2b5e12
[ServerTableEngine:a4820697-da4c-4659-b715-b4a435eb6e87] Hand #1 — 3 players
Realtime send() is automatically falling back to REST API. This behavior will be deprecated in the future. Please use httpSend() explicitly for REST delivery.
Realtime send() is automatically falling back to REST API. This behavior will be deprecated in the future. Please use httpSend() explicitly for REST delivery.
[Tournament:d2120edd] FINAL TABLE reached with 6 players
Realtime send() is automatically falling back to REST API. This behavior will be deprecated in the future. Please use httpSend() explicitly for REST delivery.
Realtime send() is automatically falling back to REST API. This behavior will be deprecated in the future. Please use httpSend() explicitly for REST delivery.
Realtime send() is automatically falling back to REST API. This behavior will be deprecated in the future. Please use httpSend() explicitly for REST delivery.
Realtime send() is automatically falling back to REST API. This behavior will be deprecated in the future. Please use httpSend() explicitly for REST delivery.
Realtime send() is automatically falling back to REST API. This behavior will be deprecated in the future. Please use httpSend() explicitly for REST delivery.
Realtime send() is automatically falling back to REST API. This behavior will be deprecated in the future. Please use httpSend() explicitly for REST delivery.
Realtime send() is automatically falling back to REST API. This behavior will be deprecated in the future. Please use httpSend() explicitly for REST delivery.
[ServerTableEngine:09c70f92-4a39-4e09-96d3-ec1897d8fed5] Hand #1 — 3 players
Realtime send() is automatically falling back to REST API. This behavior will be deprecated in the future. Please use httpSend() explicitly for REST delivery.
Realtime send() is automatically falling back to REST API. This behavior will be deprecated in the future. Please use httpSend() explicitly for REST delivery.
[Tournament:12509ab9] FINAL TABLE reached with 6 players
Realtime send() is automatically falling back to REST API. This behavior will be deprecated in the future. Please use httpSend() explicitly for REST delivery.
Realtime send() is automatically falling back to REST API. This behavior will be deprecated in the future. Please use httpSend() explicitly for REST delivery.
Realtime send() is automatically falling back to REST API. This behavior will be deprecated in the future. Please use httpSend() explicitly for REST delivery.
[ServerTableEngine:dec4feb1-a7e6-495b-a694-28144278e4a0] Hand #1 — 3 players
Realtime send() is automatically falling back to REST API. This behavior will be deprecated in the future. Please use httpSend() explicitly for REST delivery.
Realtime send() is automatically falling back to REST API. This behavior will be deprecated in the future. Please use httpSend() explicitly for REST delivery.
[ServerTableEngine:58ddfc43-97a9-4e19-91bb-f5b4c0c2d688] Hand #4 — 3 players
[ServerTableEngine:0a9d4545-8601-4a1c-a44b-77d422020ccf] Hand #3 — 6 players
[ServerTableEngine:a0ff18c0-21b8-4cb9-b336-6df198f4528c] Hand #1 — 3 players
Realtime send() is automatically falling back to REST API. This behavior will be deprecated in the future. Please use httpSend() explicitly for REST delivery.
Realtime send() is automatically falling back to REST API. This behavior will be deprecated in the future. Please use httpSend() explicitly for REST delivery.
Realtime send() is automatically falling back to REST API. This behavior will be deprecated in the future. Please use httpSend() explicitly for REST delivery.
Realtime send() is automatically falling back to REST API. This behavior will be deprecated in the future. Please use httpSend() explicitly for REST delivery.
Realtime send() is automatically falling back to REST API. This behavior will be deprecated in the future. Please use httpSend() explicitly for REST delivery.
Realtime send() is automatically falling back to REST API. This behavior will be deprecated in the future. Please use httpSend() explicitly for REST delivery.
Realtime send() is automatically falling back to REST API. This behavior will be deprecated in the future. Please use httpSend() explicitly for REST delivery.
Realtime send() is automatically falling back to REST API. This behavior will be deprecated in the future. Please use httpSend() explicitly for REST delivery.
Realtime send() is automatically falling back to REST API. This behavior will be deprecated in the future. Please use httpSend() explicitly for REST delivery.
Realtime send() is automatically falling back to REST API. This behavior will be deprecated in the future. Please use httpSend() explicitly for REST delivery.
Realtime send() is automatically falling back to REST API. This behavior will be deprecated in the future. Please use httpSend() explicitly for REST delivery.
Realtime send() is automatically falling back to REST API. This behavior will be deprecated in the future. Please use httpSend() explicitly for REST delivery.
Realtime send() is automatically falling back to REST API. This behavior will be deprecated in the future. Please use httpSend() explicitly for REST delivery.
Realtime send() is automatically falling back to REST API. This behavior will be deprecated in the future. Please use httpSend() explicitly for REST delivery.
Realtime send() is automatically falling back to REST API. This behavior will be deprecated in the future. Please use httpSend() explicitly for REST delivery.
Realtime send() is automatically falling back to REST API. This behavior will be deprecated in the future. Please use httpSend() explicitly for REST delivery.
Realtime send() is automatically falling back to REST API. This behavior will be deprecated in the future. Please use httpSend() explicitly for REST delivery.
Realtime send() is automatically falling back to REST API. This behavior will be deprecated in the future. Please use httpSend() explicitly for REST delivery.
Realtime send() is automatically falling back to REST API. This behavior will be deprecated in the future. Please use httpSend() explicitly for REST delivery.
[ServerTableEngine:05b8c9b0-000b-41f7-a2b5-c0e55f26f674] Hand #4 — 3 players
[ServerTableEngine:44522b9b-2ce8-498c-aab4-7b60a0b7e05e] Hand #4 — 3 players
Realtime send() is automatically falling back to REST API. This behavior will be deprecated in the future. Please use httpSend() explicitly for REST delivery.
Realtime send() is automatically falling back to REST API. This behavior will be deprecated in the future. Please use httpSend() explicitly for REST delivery.
Realtime send() is automatically falling back to REST API. This behavior will be deprecated in the future. Please use httpSend() explicitly for REST delivery.
Realtime send() is automatically falling back to REST API. This behavior will be deprecated in the future. Please use httpSend() explicitly for REST delivery.
[ServerTableEngine:adebc6f8-6ac7-4718-a9e6-764f43e4d0a0] Hand #4 — 3 players
[ServerTableEngine:64450dbd-5849-4559-8b8c-9bb4ceb3a82f] Hand #4 — 3 players
[ServerTableEngine:1217032c-8eba-4817-a27d-cc9ac9d03ee4] Hand #4 — 6 players
Realtime send() is automatically falling back to REST API. This behavior will be deprecated in the future. Please use httpSend() explicitly for REST delivery.
Realtime send() is automatically falling back to REST API. This behavior will be deprecated in the future. Please use httpSend() explicitly for REST delivery.
Realtime send() is automatically falling back to REST API. This behavior will be deprecated in the future. Please use httpSend() explicitly for REST delivery.
[Tournament:93d26aa3] FINAL TABLE reached with 6 players
Realtime send() is automatically falling back to REST API. This behavior will be deprecated in the future. Please use httpSend() explicitly for REST delivery.
[ServerTableEngine:b156cf3a-524c-4c6d-b879-613ade1e6c04] Hand #4 — 3 players
[ServerTableEngine] Created for table 2c87363c-908e-4ff3-80fe-d942dbc97cff
[AutoRebuyService] Failed to refill wallet for FourBet Freddy: new row for relation "wallet_transactions" violates check constraint "wallet_transactions_category_check"
[ServerTableEngine:d4c87624-c4f3-441f-8c4d-2be56a25bf20] Hand #3 — 6 players
[ServerTableEngine:b7204285-0961-400f-863c-bb3124cd493a] Hand #3 — 6 players
[Tournament:160c08ae] FINAL TABLE reached with 9 players
Realtime send() is automatically falling back to REST API. This behavior will be deprecated in the future. Please use httpSend() explicitly for REST delivery.
[ServerTableEngine:ae2a39ce-d3fc-44b2-9dfc-cf80ea747a52] Hand #4 — 3 players
[Tournament:a103bac1] FINAL TABLE reached with 6 players
Realtime send() is automatically falling back to REST API. This behavior will be deprecated in the future. Please use httpSend() explicitly for REST delivery.
Realtime send() is automatically falling back to REST API. This behavior will be deprecated in the future. Please use httpSend() explicitly for REST delivery.
Realtime send() is automatically falling back to REST API. This behavior will be deprecated in the future. Please use httpSend() explicitly for REST delivery.
[ServerTableEngine:e735c902-25c3-47f7-b44c-a7aff956a299] Hand #4 — 3 players
Realtime send() is automatically falling back to REST API. This behavior will be deprecated in the future. Please use httpSend() explicitly for REST delivery.
Realtime send() is automatically falling back to REST API. This behavior will be deprecated in the future. Please use httpSend() explicitly for REST delivery.
Realtime send() is automatically falling back to REST API. This behavior will be deprecated in the future. Please use httpSend() explicitly for REST delivery.
Realtime send() is automatically falling back to REST API. This behavior will be deprecated in the future. Please use httpSend() explicitly for REST delivery.
Realtime send() is automatically falling back to REST API. This behavior will be deprecated in the future. Please use httpSend() explicitly for REST delivery.
Realtime send() is automatically falling back to REST API. This behavior will be deprecated in the future. Please use httpSend() explicitly for REST delivery.
Realtime send() is automatically falling back to REST API. This behavior will be deprecated in the future. Please use httpSend() explicitly for REST delivery.
Realtime send() is automatically falling back to REST API. This behavior will be deprecated in the future. Please use httpSend() explicitly for REST delivery.
Realtime send() is automatically falling back to REST API. This behavior will be deprecated in the future. Please use httpSend() explicitly for REST delivery.
[Tournament:ccd32499] FINAL TABLE reached with 6 players
Realtime send() is automatically falling back to REST API. This behavior will be deprecated in the future. Please use httpSend() explicitly for REST delivery.
[ServerTableEngine:7a69999d-c748-46d7-8f53-166656497121] Hand #5 — 2 players
[Tournament:52a0b5bd] FINAL TABLE reached with 6 players
Realtime send() is automatically falling back to REST API. This behavior will be deprecated in the future. Please use httpSend() explicitly for REST delivery.
[Tournament:80cd8c27] FINAL TABLE reached with 6 players
Realtime send() is automatically falling back to REST API. This behavior will be deprecated in the future. Please use httpSend() explicitly for REST delivery.
Realtime send() is automatically falling back to REST API. This behavior will be deprecated in the future. Please use httpSend() explicitly for REST delivery.
Realtime send() is automatically falling back to REST API. This behavior will be deprecated in the future. Please use httpSend() explicitly for REST delivery.
Realtime send() is automatically falling back to REST API. This behavior will be deprecated in the future. Please use httpSend() explicitly for REST delivery.
[Tournament:019d5f81] FINAL TABLE reached with 6 players
Realtime send() is automatically falling back to REST API. This behavior will be deprecated in the future. Please use httpSend() explicitly for REST delivery.
[ServerTableEngine:a9de207b-7f9f-44ad-95c9-9969ab4a772a] Hand #3 — 8 players
[ServerTableEngine:8f35a024-0ccd-4f33-aaef-60cc96c9021c] Hand #4 — 3 players
[ServerTableEngine:17197dc1-6a53-44d3-bb40-5ec178b0ff0a] Hand #3 — 9 players
[ServerTableEngine:f745dee7-4ab2-4333-9e73-03f4a3b125df] Hand #4 — 4 players
[Tournament:51cb15fe] FINAL TABLE reached with 6 players
Realtime send() is automatically falling back to REST API. This behavior will be deprecated in the future. Please use httpSend() explicitly for REST delivery.
Realtime send() is automatically falling back to REST API. This behavior will be deprecated in the future. Please use httpSend() explicitly for REST delivery.
Realtime send() is automatically falling back to REST API. This behavior will be deprecated in the future. Please use httpSend() explicitly for REST delivery.
Realtime send() is automatically falling back to REST API. This behavior will be deprecated in the future. Please use httpSend() explicitly for REST delivery.
Realtime send() is automatically falling back to REST API. This behavior will be deprecated in the future. Please use httpSend() explicitly for REST delivery.
Realtime send() is automatically falling back to REST API. This behavior will be deprecated in the future. Please use httpSend() explicitly for REST delivery.
Realtime send() is automatically falling back to REST API. This behavior will be deprecated in the future. Please use httpSend() explicitly for REST delivery.
[ServerTableEngine:f1aa4f50-e7f0-4198-a1d5-1ce9a61f6e78] Hand #3 — 6 players
Realtime send() is automatically falling back to REST API. This behavior will be deprecated in the future. Please use httpSend() explicitly for REST delivery.
Realtime send() is automatically falling back to REST API. This behavior will be deprecated in the future. Please use httpSend() explicitly for REST delivery.
